,P1,P2,P3,P4,P5,P6,P7,P8,P9,P10,P11,P12,P13,P14,HV1,HV2,KV1,KV2,AV1,Vfdt1,Vfdt2,HR1,HR2,HR3,THR1,THR2,HR4,HR5,HR6,THR4,THR5,HR7,HR8,HR9,THR7,THR8,H1,H2,H3,H4,H5,H6,H7,TH2,TH3,TH5,TH6,H8,H9,H10,H11,H12,H13,H14,TH9,TH10,TH12,TH13,H15,H16,H17,THR15,THR16,K1,K2,K3,K4,K5,K6,K7,TK2,TK3,TK5,TK6,K8,K9,K10,TK8,TK9,K11,K12,K13,TK11,TK12,A1,A2,A3,A4,A5,A6,A7,TA2,TA3,TA5,TA6,A8,A9,A10,TA8,TA9,F4,F5,HM1,HM2,THM1,THM2,HM3,HM4,THM3,THM4,HM5,HM6,THM5,THM6,KM1,KM2,TKM1,TKM2,KM3,KM4,TKM3,TKM4,KM5,KM6,TKM5,TKM6,AM1,AM2,TAM1,TAM2,AM3,AM4,TAM3,TAM4,AM5,AM6,TAM5,TAM6
M_DR_L031M3NAAA,68.096133,31.903867,1.048997,66.392194,1.138333,52.752116,0.921271,58.308268,0.559047,35.382700,0.593333,101.182939,0.370000,0.183333,-75.459986,57.155524,121.728584,-171.502166,-71.571088,33.411732,73.170372,23.215000,17.217333,5.997667,70.123006,0.146843,1.101333,-7.426333,8.527667,21.650874,70.436309,3.655333,-7.678000,11.333333,32.510855,88.857533,45.015667,45.048667,8.636000,25.586333,47.396333,25.586333,38.760333,2.996918,55.331833,90.513927,68.096133,-0.048667,3.507000,-6.387333,-6.347000,3.670333,-6.701000,10.732667,16.563594,65.838351,95.014730,70.455926,-3.786000,-21.241333,17.455333,80.697289,20.943731,11.278667,53.479000,8.031000,54.821333,63.589333,9.146000,55.638333,67.656532,30.096568,74.195441,98.393111,-0.563333,-12.498000,11.934667,43.342836,66.600599,-5.528333,-21.251333,15.723000,10.257665,46.993364,3.395000,15.210667,-11.222667,-8.641333,7.696333,-8.641333,26.433333,48.420772,65.302340,88.115829,68.096133,20.544333,1.909667,18.634667,84.766409,43.267220,54.446667,-75.010000,0.366000,-0.462000,97.962855,56.017074,0.901667,-0.219667,18.750399,62.384104,0.159333,-0.054333,17.426924,58.359964,0.732000,-0.233667,16.683365,97.811340,0.285667,-0.115667,38.555272,62.710496,0.076667,-0.008333,45.221939,59.581000,1.000667,-0.125333,48.001715,6.139469,0.180667,-0.009000,52.670866,78.604608,0.023000,-0.148667,6.153486,54.736973
M_DR_L043M2NAAA,63.129910,36.870090,0.982977,58.510516,1.373333,43.733370,0.717097,42.684321,0.539583,32.118056,0.786667,76.392903,0.435000,0.201667,2.177240,3.143837,6.517048,-35.903572,-0.900956,4.583662,15.805778,13.541000,1.956333,11.584667,50.054708,93.092573,3.626000,-0.621667,4.247667,55.803180,37.055070,-2.633667,-15.760000,13.126333,32.036445,70.578236,26.371000,28.767000,-0.453333,9.314667,27.492667,9.068333,29.220333,12.016213,50.115579,100.000000,64.407494,0.838667,4.086667,-2.885000,-2.968667,2.727333,-3.491667,7.578333,17.614934,61.487881,87.840789,66.298307,12.931333,2.255667,10.675667,51.718753,8.609873,13.799667,30.577333,9.951667,30.893667,31.565000,12.009333,21.617000,62.765465,45.526343,63.996882,96.159451,3.267333,-1.752667,5.020000,82.789269,62.158645,7.782333,-4.266667,12.049000,62.903547,94.112252,3.459000,13.874000,-5.196000,-0.629667,4.574333,-0.762000,19.070000,46.162414,4.499568,84.192180,75.673464,8.546333,-16.343667,24.890000,74.603247,39.565574,17.446667,-42.673333,0.567333,-0.461667,12.202483,57.785762,0.671000,-0.085333,17.072165,76.928182,0.107667,-0.022000,16.839877,66.489415,0.427333,-0.173333,14.200107,66.790123,0.395667,-0.061000,17.072165,68.552477,0.037667,-0.017000,36.298930,56.976355,0.960000,-0.100667,45.186611,2.677344,0.184000,-0.035333,45.038442,4.865400,0.192667,-0.010333,44.167415,6.401855
M_DR_L043M3NAAA,64.605862,35.394138,1.083733,64.126233,1.276667,47.023878,0.849076,50.241156,0.616837,36.499211,0.706667,84.918020,0.433333,0.171667,-41.907668,51.516067,53.155519,-69.581701,-53.766468,23.922570,29.875651,22.368667,8.843000,13.525667,67.753594,62.989333,3.221667,-2.712333,5.934000,51.864003,26.916073,0.899667,-8.020000,8.919667,58.691900,82.528469,35.216000,35.452000,4.789333,14.538333,37.302333,14.538333,32.513000,1.421189,53.515933,95.271615,64.605862,-2.781667,3.711667,-4.152333,-1.239000,0.171000,-4.370667,8.557333,51.729050,4.304768,79.892922,81.248329,7.124333,-3.096667,10.221000,54.427378,3.676408,13.753667,27.677333,7.511667,28.334000,31.295333,13.970667,23.783667,64.213997,42.926638,78.020273,99.330990,3.478333,-3.250667,6.729000,78.940568,64.871499,-9.715667,-21.191000,11.475333,54.971530,70.497724,4.480333,16.670000,-6.675000,0.926667,9.765333,0.926667,23.345000,49.056166,5.488903,90.311027,64.605862,17.798333,-16.456000,34.254333,82.172070,42.584897,19.043333,-57.936667,0.527333,-0.586333,13.029586,58.145565,0.719000,-0.133000,15.779325,77.289805,0.111333,-0.036333,15.650126,54.927664,0.468333,-0.222000,15.520927,98.058120,0.339000,-0.079667,23.930367,66.780143,0.062333,-0.007667,43.276742,23.103401,0.978000,-0.101333,48.024060,2.480393,0.134667,-0.017333,50.012530,4.177054,0.241000,-0.023667,46.331667,38.270076
M_DR_L076M3NAAA,69.095944,30.904056,1.031623,55.463620,1.235000,48.592989,0.835317,44.909505,0.527717,28.371864,0.590000,101.752402,0.420000,0.243333,-49.288426,79.272250,179.427582,-164.891533,-99.167815,28.870219,9.824509,9.704667,6.950000,2.754667,41.975763,59.802981,0.837667,-3.305333,4.143000,44.977138,78.919433,1.731667,-9.581333,11.313000,45.957028,29.508197,30.185333,30.637667,0.204000,16.999333,34.100667,16.999333,33.896667,3.401361,54.933212,89.340359,69.095944,-1.530333,2.806000,-8.715000,-8.923000,0.310667,-9.935667,12.741667,46.702663,68.691003,100.000000,71.673544,8.371667,-1.604000,9.975667,25.024596,57.413355,10.346667,57.375000,10.016000,58.239000,63.013333,7.456667,55.756333,68.691003,0.802325,73.147467,100.000000,7.956333,-2.123667,10.080000,77.870154,36.821308,6.156000,-9.829000,15.985000,71.665428,84.081633,2.637667,15.809000,-6.856000,-5.861667,5.623000,-5.861667,22.665000,52.254687,46.243572,87.535036,69.095944,8.648667,-11.709000,20.357667,54.677088,79.759365,107.566667,-59.730000,0.912667,-0.397333,6.635999,56.449141,1.143000,-0.418000,45.456922,2.557588,0.094333,-0.059000,17.259643,70.986704,0.426000,-0.395333,17.266954,2.962529,0.455000,-0.174667,22.293037,2.694200,0.080667,-0.015667,46.193450,43.855929,1.749667,-0.104000,52.780008,8.779104,0.566667,-0.006333,54.118434,90.419129,0.020000,-0.177333,43.996877,56.957920
M_DR_L077M1NAAA,66.533531,33.466469,1.036353,62.455625,1.260000,47.622565,0.822505,49.568135,0.518293,31.234763,0.616667,97.370219,0.468333,0.186667,-63.755265,76.086024,140.043990,-151.674325,-151.594850,25.080528,36.586391,0.435333,-7.033000,7.468333,30.329937,75.017202,-1.158333,-11.236333,10.078000,18.387069,67.196007,1.537000,-13.899000,15.436000,27.509105,75.829918,18.703000,18.805333,-18.866667,-5.976333,21.228667,-5.976333,40.095333,4.233733,54.887203,97.106636,66.533531,-3.164667,3.258333,-10.606000,-10.654667,-1.665333,-10.661333,13.919667,19.567653,66.136676,94.732293,66.930905,26.137667,11.493667,14.644000,31.151161,71.280578,11.068333,42.834333,10.358000,43.895333,54.898333,10.101333,45.425000,66.136676,31.889349,74.998714,98.935399,2.414000,-3.110667,5.524667,81.864297,60.831433,-9.825667,-26.957667,17.132000,40.465721,85.585234,-1.412667,14.242000,-18.270000,-18.926333,6.510000,-19.788333,34.030333,46.690754,66.136676,87.033991,67.066371,12.402667,-7.432000,19.834667,60.196555,47.921602,33.573333,-25.640000,0.364333,-0.232667,34.808525,35.531628,0.571333,-0.106667,23.017002,31.590404,0.064000,-0.032667,13.110711,39.576152,0.293667,-0.166000,10.428064,65.999958,0.218667,-0.049333,14.302354,1.456746,0.054000,-0.007667,33.279575,21.416374,0.813333,-0.059667,32.864793,1.191643,0.262333,-0.026667,34.066977,22.979055,0.032333,-0.129000,23.720077,37.366263
M_DR_L080M1NAAA,60.213781,39.786219,0.775443,66.848563,1.226667,49.482376,0.642675,55.403045,0.395560,34.100000,0.685000,88.398722,0.428333,0.173333,-27.047381,52.175211,166.452244,-134.753560,-93.075521,20.949559,1.937702,27.408333,8.923667,18.484667,52.796826,92.353263,16.269000,3.305000,12.964000,16.490943,55.520980,25.768667,1.751667,24.017000,97.222222,43.346942,24.963000,24.967667,2.438667,14.155667,34.967000,14.155667,32.528333,0.157978,52.740019,81.032286,60.213781,-4.292000,11.540000,-4.689000,-4.115333,-2.801333,-8.284000,19.824000,19.394003,20.238095,74.598545,85.543529,-34.272000,-45.305333,11.033333,47.557756,85.754986,2.166667,34.239667,-2.562667,35.641667,51.256667,-0.031333,54.182000,59.801428,9.931823,69.346070,99.052133,10.076000,-8.202667,18.278667,21.722441,69.040868,8.611667,-1.082000,9.693667,48.938857,68.232027,-15.726000,7.889333,-15.971667,-10.603000,-9.047333,-16.212000,24.605333,41.423334,0.682256,87.554419,98.441632,-25.083333,-55.355000,30.271667,65.943325,17.263134,30.056667,-37.930000,0.210667,-0.536667,34.137690,35.484842,0.590667,-0.150333,23.302268,54.922824,0.034667,-0.071000,23.158854,19.787067,0.083667,-0.156000,42.497015,1.730282,0.511667,-0.092000,23.414193,54.520646,0.063667,-0.033333,23.963162,55.992792,0.411667,-0.007333,46.092025,57.219676,0.199333,-0.016333,45.694138,68.386243,0.296000,-0.006667,45.800711,32.158385
M_DR_L085M2NAAA,74.666629,25.333371,0.674523,46.200228,1.773333,33.850301,0.380713,26.076253,0.341197,23.369635,0.860000,69.772186,0.463333,0.461667,-51.476751,38.797946,69.347533,-92.471409,-23.701440,9.453580,72.002675,15.458333,10.058000,5.400333,17.678043,48.734461,4.124333,-5.387333,9.511667,50.479294,34.843234,7.420333,-7.092667,14.513000,43.262072,30.083565,46.915000,47.296667,2.574333,20.510333,49.064667,20.510333,46.490333,4.075134,63.028503,92.822033,74.666629,-2.850333,9.678000,-6.759333,-6.943000,-3.921000,-7.906667,17.584667,49.623844,74.384543,97.307335,77.688869,2.142000,-6.410333,8.552333,32.226329,67.371922,28.127333,51.925333,9.972333,52.973000,58.937000,25.028000,48.964667,74.384543,48.746807,78.532106,100.000000,-2.003667,-8.058667,6.055000,82.835934,53.375530,-3.921667,-16.226000,12.304333,6.866445,79.837586,7.040667,17.459333,-0.460667,1.501667,16.642333,0.805667,18.490000,58.727180,49.252862,89.066696,82.607534,13.218000,-1.331000,14.549000,69.970060,31.913367,45.126667,-43.903333,0.350000,-0.242000,15.962419,85.000399,1.078667,-0.060667,40.984628,81.329234,0.164667,-0.042333,24.322929,2.353072,0.510333,-0.130000,22.014439,0.831025,0.440000,-0.065000,44.828451,3.578314,0.057000,-0.016000,53.737408,67.244110,0.627333,-0.074333,57.862670,4.716813,0.101667,-0.004667,48.540281,1.795968,0.002667,-0.055000,50.144520,57.194464
M_DR_L091M2NAAA,67.143497,32.856503,1.146883,63.715741,1.593333,37.711214,0.720249,40.013833,0.606160,33.675556,0.873333,68.787261,0.483333,0.258333,-48.341004,31.239634,66.139193,-155.407649,10.754474,41.829616,26.154341,9.126667,5.432000,3.694667,80.104327,36.414491,2.800000,-3.057667,5.857667,18.946493,68.227087,4.971000,-3.500667,8.471667,31.790195,83.344214,26.367000,26.369000,-14.578333,5.144333,32.590667,5.144333,47.169000,0.215054,54.366359,86.503456,67.143497,-3.062667,4.992333,-8.231667,-8.443000,-1.563333,-9.287000,14.279333,25.951741,66.829237,98.602151,70.410266,8.286000,-3.055000,11.341000,65.277778,70.451229,1.219000,45.747667,-3.181333,47.296000,64.777000,0.107333,67.958333,66.829237,35.551075,74.280594,98.230287,10.161667,-2.050000,12.211667,71.608423,46.444572,28.856000,8.939333,19.916667,70.823733,65.972222,1.877333,14.822000,-17.489667,-15.435667,11.857667,-15.435667,32.311667,43.351254,45.431388,87.760497,67.143497,19.009667,-21.574333,40.584000,63.545827,42.035970,61.800000,-88.186667,0.456000,-0.526333,1.050307,68.676395,0.971667,-0.122000,42.077573,1.149514,0.034667,-0.162000,76.033666,41.970046,0.092667,-0.689333,73.604711,42.507680,0.303333,-0.142667,20.608679,1.149514,0.135000,-0.017000,41.970046,40.345622,1.519667,-0.073333,44.790067,1.033666,0.291000,-0.011333,47.593446,44.251152,0.209333,-0.076000,43.086278,56.483615
M_DR_L139M1NAAA,79.858713,20.141287,0.708287,42.159921,2.196667,27.327252,0.322669,19.206488,0.398380,23.713095,1.075000,55.813953,0.446667,0.660000,-18.600239,16.058740,32.339909,-218.428791,-28.319004,14.510753,109.010483,25.067333,20.419667,4.647667,34.044035,39.398242,5.076000,-3.348333,8.424333,14.418710,65.514096,0.263667,-7.384333,7.648000,28.021309,70.428965,44.719667,45.013000,15.395000,44.554333,54.824000,43.775000,39.429000,27.157738,56.715320,88.960962,92.689168,1.219000,6.302000,-5.289667,-2.859000,3.528000,-2.859000,11.591667,17.029523,72.414772,96.056066,79.858713,-0.216000,-7.695667,7.479667,34.988582,47.077605,5.935333,64.232667,0.392667,64.651000,71.092333,2.074000,70.844333,79.630986,19.853373,84.558401,99.070549,3.456667,-6.932000,10.388667,31.377586,80.342094,-6.519333,-22.010667,15.491333,64.977629,66.115093,4.086667,23.241000,-31.624333,-31.831333,7.601667,-33.678000,56.995333,63.696122,79.556581,97.409919,80.844206,15.988333,-6.788333,22.776667,66.277356,87.978150,56.576667,-74.626667,0.241333,-0.299000,6.739357,64.936541,0.983333,-0.088000,27.769866,92.005335,0.052000,-0.031000,41.457652,87.383214,0.292333,-0.108667,54.127921,97.021006,0.638667,-0.034667,32.382961,91.855185,0.032667,-0.018000,60.751153,27.236221,0.158333,-0.145333,58.292624,27.029416,0.107667,-0.011000,34.138210,92.005335,0.028333,-0.029333,25.593699,71.715550
M_DR_L148M1NAAA,67.880817,32.119183,0.962713,63.336404,1.276667,47.005270,0.754398,49.631437,0.475610,31.290132,0.633333,94.773327,0.536667,0.180000,-57.799410,52.730606,84.097631,-147.117932,-22.933624,-9.937017,69.764698,40.321667,30.118333,10.203333,95.964992,43.488079,13.414667,4.440333,8.974333,12.301768,71.664516,30.111333,13.412333,16.699000,8.896869,60.551271,56.484333,56.496000,24.951333,37.127000,63.133667,37.127000,38.182333,0.265604,54.314969,93.349787,67.880817,-14.978000,3.602667,-15.481333,-7.684667,-7.684667,-17.858667,21.951667,53.010292,2.643737,67.880817,99.734396,-14.608333,-29.692000,15.083667,64.753120,5.504036,8.601000,48.519667,8.090000,49.379333,57.341667,8.433667,49.643333,67.489107,4.738108,74.801822,99.353483,-2.470333,-10.690667,8.220333,83.943545,57.305054,-16.767667,-26.973667,10.206000,57.437856,70.963542,8.077667,8.095667,-9.183000,-7.039667,9.668333,-7.039667,18.851333,0.128700,64.869137,89.151514,67.880817,11.570000,-13.068000,24.638000,85.375414,90.494792,81.106667,-45.170000,0.437333,-0.387333,13.852866,52.619004,0.935667,-0.083000,22.745997,98.571993,0.060333,-0.036333,48.722188,65.353064,0.304000,-0.215000,53.411715,95.170773,0.274000,-0.106333,31.227812,6.138669,0.075667,-0.003333,39.297049,70.874582,1.042000,-0.186333,44.525193,6.014734,0.295333,-0.036333,52.744448,7.039570,0.124333,-0.044667,23.001467,42.598266
M_DR_L148M6NAAA,72.843982,27.156018,0.956863,58.714868,1.303333,46.096030,0.734554,45.073647,0.467907,28.711953,0.580000,103.514172,0.411667,0.251667,-56.336445,92.804482,150.443558,-199.872361,-96.719949,40.254605,45.952939,35.761333,22.248667,13.512667,100.000000,49.972267,13.330000,1.489000,11.841000,14.226143,76.934152,27.524333,9.029667,18.494667,8.475372,69.657182,52.613667,53.384667,15.383000,35.225667,54.191000,35.225667,38.985333,3.587104,57.530172,94.663063,72.843982,-14.987333,7.203333,-15.174333,-6.730667,-6.730667,-13.840333,22.736667,48.923565,2.235435,72.843982,88.027760,-17.356000,-29.074333,11.718333,12.545042,15.425747,1.444667,53.081333,1.298000,53.894333,59.528000,-1.438333,60.966333,72.459849,10.038610,77.586919,99.109633,-1.221333,-10.179000,8.957667,90.007894,64.037976,3.374667,-13.389667,16.764333,56.178174,33.995367,3.767000,16.921000,-8.351333,-6.263333,5.629667,-6.263333,25.272333,54.495938,70.916715,88.726793,72.843982,18.239000,-21.134000,39.373000,87.580992,67.445309,79.950000,-76.700000,0.626667,-0.814333,37.531835,55.096670,0.859667,-0.262667,43.631891,94.094261,0.069333,-0.087000,35.502597,59.009524,0.386333,-0.314667,60.778576,98.079332,0.345667,-0.189000,40.815629,37.253935,0.110667,-0.010333,56.435904,42.984338,1.058333,-0.197667,55.468871,4.981236,0.344333,-0.077333,55.715038,21.599749,0.158333,-0.160667,47.943266,64.284143
M_DR_L157M1NAAA,73.409487,26.590513,1.138473,79.613520,1.441667,41.622607,0.789778,55.229208,0.581507,40.664802,0.675000,88.892141,0.445000,0.201667,-61.418904,71.511881,32.779615,-82.274343,-49.737359,-10.736670,67.649307,28.402000,10.871667,17.530333,22.895121,49.943957,1.423667,-10.212333,11.636000,47.481775,66.119556,5.950333,-26.213333,32.163667,34.647955,28.070175,60.690000,66.348333,12.497000,28.193000,59.987000,28.193000,53.851333,7.050038,58.257146,98.724415,73.409487,12.328667,13.700667,1.410333,2.109000,17.438667,-0.534333,20.217667,3.775051,65.120798,97.435429,78.919063,-23.489000,-49.880333,26.391333,61.145992,9.321193,41.048333,52.782667,34.167333,46.261667,54.757000,40.092000,20.589667,10.634329,17.543976,87.857269,100.000000,-24.473000,-52.414333,27.941333,33.915325,84.388351,17.221333,-4.089333,21.310667,24.823093,57.456791,-12.783667,11.033333,-19.855333,-15.790667,3.415333,-15.790667,30.888667,19.982042,68.091771,90.508809,73.409487,-9.601333,-67.435667,57.834333,72.986028,13.641536,33.133333,-103.256667,1.128000,-0.911667,3.583073,55.020194,1.564667,-0.883000,3.585877,62.305369,0.327333,-0.127667,25.255798,61.728401,1.855667,-0.486333,10.287474,33.913255,0.443000,-0.621667,100.000000,27.627857,0.033667,-0.175667,100.000000,46.790502,0.302667,-0.064667,36.616632,65.662568,0.017667,-0.112333,92.298743,37.944888,0.857667,-0.018333,37.566457,67.579909
M_DR_L157M2NAAA,72.106271,27.893729,1.048490,72.811806,1.170000,51.320902,0.896609,62.264479,0.534387,37.110185,0.590000,101.870328,0.425000,0.220000,-97.775425,52.732778,27.791733,-120.470617,-31.933097,-8.621449,57.546687,35.548333,20.048667,15.499667,29.231751,32.492997,-2.522333,-12.568000,10.045667,49.634370,32.306878,7.857333,-18.302667,26.160000,49.894420,33.341425,66.375667,69.671667,24.395333,41.092667,65.651667,41.035667,45.276333,8.421520,53.729535,99.023710,72.246327,6.598333,10.026333,-4.366000,2.679667,11.491333,-2.176667,18.787667,22.226173,38.942552,98.462314,84.149401,-13.819667,-36.324667,22.505000,94.336650,41.874261,44.849000,56.807000,38.694000,53.191333,65.838667,44.241000,27.546333,12.706940,25.278116,86.631595,100.000000,-17.729000,-40.158333,22.429333,66.809067,85.356078,20.936667,0.962333,19.974333,21.491441,67.843189,5.118000,19.134333,-10.186333,-1.086333,14.822333,-1.086333,30.794333,24.010931,45.354570,92.743379,72.106271,-9.547667,-48.120333,38.572667,83.794918,6.630342,30.136667,-69.000000,0.784333,-0.978000,9.063871,55.565861,0.878333,-0.727333,14.408958,76.163423,0.255333,-0.162000,52.148075,90.945393,1.863000,-0.516667,13.562288,66.806137,0.275667,-0.242333,34.923088,32.776284,0.022667,-0.197000,0.427674,46.862472,0.548000,-0.065000,42.752406,63.736234,0.023333,-0.081667,70.953069,31.380602,0.568667,-0.018000,44.031913,0.427674
M_DR_L157M3NAAA,70.660772,29.339228,1.058617,72.507991,1.181667,51.044530,0.893718,61.213590,0.617807,42.315525,0.635000,95.020379,0.425000,0.195000,-63.946747,49.997816,25.291294,-118.188351,-48.197042,-20.611249,42.395373,31.706000,18.917667,12.788333,45.158359,31.503268,-2.110333,-12.276333,10.166000,39.710845,69.003115,2.641000,-23.239000,25.880000,39.900357,66.038116,58.564667,61.063667,19.412333,33.838667,59.621333,33.838667,42.991000,7.711731,53.350055,100.000000,70.660772,8.903667,9.838667,-0.015000,4.636000,14.613000,-0.345000,15.213000,17.795950,46.049875,99.215686,82.671340,22.031333,2.020333,20.011000,94.628612,24.807510,41.013333,50.873000,37.713333,49.464333,59.151000,36.216667,24.118000,64.043812,23.098314,83.816734,100.000000,0.167000,-14.118667,14.285667,99.199346,77.506796,-17.732667,-32.560667,14.828000,12.205577,68.207348,-5.198000,7.760333,-10.312333,-4.802000,7.335333,-5.331000,18.531000,22.695773,44.293186,91.159214,80.382994,-10.670333,-56.017333,45.347000,78.478712,45.158436,36.153333,-61.276667,0.913667,-1.070333,10.872656,54.688855,0.676000,-0.328000,35.944429,83.177341,0.215333,-0.107333,49.592572,65.059098,1.270000,-0.425000,13.498565,99.738562,0.388667,-0.568000,100.000000,36.267943,0.030000,-0.192000,99.869281,49.033657,0.344333,-0.082667,22.048668,60.505696,0.077333,-0.055000,40.708188,32.849017,0.657000,-0.018667,42.904221,99.861111
M_DR_L157M4NAAA,76.604850,23.395150,1.039437,71.194292,1.318333,45.553753,0.789942,54.105642,0.503487,34.485388,0.638333,94.057158,0.425000,0.260000,-70.795820,56.650291,28.371809,-86.695025,-34.900956,-8.987915,82.054577,24.587667,13.678333,10.909333,27.721070,32.260908,-1.854000,-11.136333,9.282333,36.371998,9.395426,5.690000,-20.918333,26.608333,36.699158,66.666667,59.803000,59.884667,22.756667,37.859667,61.628667,37.859667,38.872000,3.132832,55.973909,99.629589,76.604850,5.042000,6.181000,-2.880667,-0.415667,9.087667,-3.575667,13.238333,17.914846,36.618652,99.877451,85.733097,15.569667,-6.025000,21.594667,59.957300,70.955882,48.494333,63.420000,45.897667,63.653667,68.406333,45.604667,22.906000,72.799675,2.039029,84.961900,100.000000,-1.782333,-11.267000,9.484667,51.196427,53.293145,-11.505667,-33.772000,22.266333,11.661146,47.037252,-17.439333,-4.804667,-31.801000,-24.384333,-10.004000,-24.384333,26.996333,6.092240,68.605333,86.722692,76.604850,10.542333,-75.113333,85.655667,76.508618,16.857295,30.856667,-46.676667,1.064333,-1.054667,71.805007,60.530963,0.530000,-0.389000,38.060916,73.931213,0.237667,-0.179667,54.171718,90.646916,1.409333,-0.687667,49.459570,100.000000,0.468000,-0.905000,100.000000,46.441060,0.027667,-0.298000,0.511367,51.564074,0.283000,-0.070333,19.072905,64.010381,0.079667,-0.055667,45.551830,52.296178,0.703333,-0.009667,44.376242,62.403251
M_DR_L157M5NAAA,73.946408,26.053592,1.024073,64.814768,1.298333,46.361430,0.794116,50.260513,0.535597,33.898523,0.676667,88.961868,0.428333,0.288333,-73.742089,39.924679,23.956429,-124.244813,11.932846,-9.277478,72.945918,33.021667,23.160000,9.861667,58.164764,97.065061,3.014333,-11.014333,14.028667,35.143177,72.518237,2.699333,-22.414000,25.113333,31.736683,74.194277,67.567000,67.658333,32.732000,48.048667,68.370000,48.048667,35.848000,3.812034,53.625443,96.903304,73.946408,11.428667,15.849667,5.222000,9.276000,15.984667,5.027667,12.767667,38.547410,30.659326,100.000000,85.780170,14.880333,-7.783333,22.663667,57.550334,29.735603,49.782333,63.461333,48.062000,63.558000,68.909000,45.358000,23.551000,72.044911,1.776148,84.896371,100.000000,-2.603667,-19.819333,17.215667,67.355372,50.679178,-28.415667,-49.654667,21.239000,12.257629,55.453009,-13.576333,-0.904667,-27.667333,-21.345667,-3.537667,-21.345667,27.742000,6.283836,67.666413,90.948817,73.946408,-9.051000,-59.230000,50.179000,81.980773,40.256744,34.920000,-53.800000,1.209667,-1.182667,40.488931,55.335443,0.822667,-0.413000,17.112729,53.333053,0.349000,-0.214667,47.238392,34.508113,1.198667,-0.534667,32.952972,34.226173,0.557000,-1.266333,100.000000,45.877594,0.025667,-0.252333,100.000000,52.081776,0.284000,-0.140000,26.602743,60.956961,0.033667,-0.096667,48.731754,20.796518,0.583333,-0.014667,35.232018,100.000000
M_DR_L162M1NAAA,64.394108,35.605892,1.155667,66.038095,1.170000,51.299134,0.987234,56.413379,0.635547,36.316952,0.616667,97.307210,0.440000,0.193333,-81.360268,82.125969,187.258473,-162.138241,-104.433734,31.035012,39.609924,16.491000,9.553333,6.937667,32.489451,32.546821,2.172333,-2.738333,4.910667,39.181287,56.540084,-1.024333,-9.182667,8.158333,36.916130,57.946554,42.765667,42.786000,0.687667,14.614000,42.741000,14.614000,42.448333,0.703235,53.982530,97.721889,64.394108,3.171000,10.168333,-0.869333,-1.055000,5.025667,-2.200333,12.368667,27.664890,63.966615,99.415205,68.539492,0.050333,-12.534000,12.584333,34.904508,39.046191,3.876667,46.351333,0.028333,47.552333,58.407667,3.942000,58.379333,63.966615,42.580872,72.499815,97.575690,-6.830667,-12.630000,5.799333,89.177585,52.481679,4.682667,-10.635000,15.317667,17.099711,34.632467,2.003333,9.730667,-13.021667,-12.944333,3.443667,-12.944333,22.867333,50.708787,63.820416,89.701310,64.394108,16.444667,-11.673000,28.117667,85.459694,45.292028,103.683333,-180.606667,0.510333,-0.563333,97.164853,48.695314,0.964000,-0.204667,15.671034,97.429491,0.217667,-0.063667,15.102894,79.426679,0.831667,-0.344000,13.528018,96.872455,0.249667,-0.064667,46.152565,73.092013,0.049000,-0.022333,48.723074,14.394108,0.953333,-0.310667,50.410837,6.417944,0.143667,-0.104667,52.824043,14.383004,0.149667,-0.024000,50.708787,22.398031
M_DR_L180M1NAAA,71.021915,28.978085,0.981017,56.058095,1.243333,48.268357,0.789765,45.129421,0.560993,32.056762,0.630000,95.254096,0.408333,0.216667,-47.134509,47.909449,108.568187,-187.310165,0.897072,32.653177,12.676493,27.075000,20.320333,6.754667,37.473060,58.943089,5.083667,-1.265333,6.349000,24.392378,65.879265,8.346000,-4.495333,12.841333,20.776519,65.868596,43.054333,43.157333,12.996667,28.107333,45.087333,28.107333,32.351000,1.337943,59.496831,98.556430,71.021915,-7.270667,6.996667,-7.564000,-0.428667,0.061667,-4.490333,14.560667,46.201694,1.892751,75.357958,100.000000,-10.004333,-28.317667,18.313333,52.951155,67.673858,6.760000,46.377667,5.179333,47.971000,60.731333,5.813333,55.588667,70.619679,34.597657,77.322194,98.513753,0.072667,-11.429667,11.502333,21.580991,79.180804,5.734667,-6.507333,12.242000,14.667221,82.614216,0.277000,11.897333,-10.342000,-2.786000,8.987333,-2.786000,22.239333,52.951155,26.611613,94.805070,71.021915,11.921333,-17.363000,29.284333,88.059877,77.991166,44.810000,-43.953333,0.494000,-0.420667,71.348399,56.698248,0.909333,-0.223000,21.707957,66.072381,0.042333,-0.053333,63.089218,50.135501,0.138667,-0.297333,74.646309,97.980283,0.469333,-0.086667,21.843459,64.992638,0.080333,-0.019333,51.071208,46.153682,1.112667,-0.066333,52.807119,2.142415,0.131667,-0.017333,57.341613,61.234876,0.053333,-0.057333,56.447517,64.524252
M_DR_L195M1NAAA,66.045478,33.954522,1.147433,67.496078,1.188333,50.529104,0.966438,56.849304,0.605473,35.616078,0.601667,99.827558,0.395000,0.210000,-13.579609,54.655087,114.673865,NaN,-27.804906,1410.241110,57.918456,19.623000,17.127000,2.496000,63.064135,30.631882,6.365667,-4.261333,10.627000,20.618146,60.036198,8.263333,-3.356000,11.619333,25.568188,82.913376,46.170667,46.989667,9.645667,19.459333,47.206667,19.459333,38.061000,4.255339,55.233872,97.775421,66.045478,-1.255667,5.815000,-2.794667,-1.296000,1.536000,-3.064000,9.088667,31.794942,23.806999,88.320439,71.663572,1.270667,-21.208667,22.479333,36.524424,75.460951,11.095000,48.434667,9.429333,49.756000,64.961000,9.465000,57.211333,65.624402,43.498620,74.749155,97.754839,0.431667,-13.851333,14.283000,73.996805,75.315158,-8.834333,-27.687333,18.853000,68.514840,67.885866,4.809000,17.887333,-8.180667,-6.209000,9.338667,-6.218000,26.068000,52.769120,26.500694,93.256731,66.186125,22.368667,-8.009000,30.377667,85.973276,57.913563,50.710000,-71.333333,0.733333,-0.647667,66.262803,55.252725,0.932333,-0.187333,46.280641,42.861085,0.159000,-0.048000,18.390107,91.289403,0.708333,-0.370333,16.367952,95.513093,0.324333,-0.145000,42.592095,59.585278,0.073667,-0.027000,47.445207,39.090284,1.229667,-0.141333,52.609620,5.338485,0.268000,-0.024667,52.197106,5.896748,0.039333,-0.121000,1.969878,57.472202
M_DR_L199M2NAAA,68.159897,31.840103,0.455643,37.044173,1.306667,45.992074,0.348182,28.307507,0.147950,12.028455,0.251667,26.176762,0.410000,0.710000,-2.916205,12.624605,52.670510,-147.340553,-30.606581,13.661284,20.911054,34.982667,27.903667,7.079000,17.889743,59.155482,6.664000,-7.398000,14.062000,93.460126,50.046881,13.981667,-8.360333,22.342000,9.117066,53.891861,53.976333,54.083333,38.524333,44.496333,56.181000,44.316333,17.656667,1.599016,52.420898,89.335210,70.164910,-13.905333,-2.288000,-16.674333,-16.093333,-8.996667,-16.229333,14.386333,44.679183,45.955294,84.845914,78.368999,-8.412667,-19.420000,11.007333,78.111401,60.794976,15.700333,45.333333,12.711333,46.359333,57.902667,12.703333,46.539333,67.776630,7.001359,76.885977,99.753998,-4.011000,-14.494333,10.483333,36.090226,75.938605,15.350667,0.923667,14.427000,54.078106,75.070660,5.897000,15.672333,-3.426667,-3.737667,6.948000,-4.337667,20.010000,53.103736,67.776630,94.026971,69.170122,32.439000,-4.742667,37.181667,90.550959,78.027314,20.520000,-35.336667,0.229667,-0.158333,23.490283,82.468803,0.764333,-0.012333,43.650462,48.485072,0.080000,-0.015000,57.630167,43.691545,0.173000,-0.151667,35.699809,37.457111,0.320333,-0.021333,34.560429,43.814546,0.046667,-0.008667,50.025646,45.640108,0.374000,-0.068333,52.337201,3.271662,0.147667,-0.017000,51.937358,87.349868,0.031000,-0.190667,3.273974,52.342217
M_DR_L201M1NAAA,66.585360,33.414640,1.218460,63.461458,1.321667,45.397805,0.922042,48.023038,0.698873,36.399653,0.685000,87.723894,0.430000,0.228333,-74.809733,71.437254,164.603045,-144.092005,-42.134792,10.113367,32.200795,12.828333,9.202667,3.625667,37.159050,52.145300,6.222000,-1.604667,7.826667,20.553842,69.612837,5.792000,-3.237000,9.029000,37.083483,81.696918,34.303000,35.458000,-2.598333,13.867333,35.790667,13.867333,38.730000,5.931081,53.601645,90.168592,66.585360,-3.359000,5.041000,-5.144667,-5.246333,-0.018667,-5.675333,10.716333,20.301313,66.207045,93.441902,69.358395,-12.989000,-24.162000,11.173000,56.312983,41.294210,10.783667,49.830000,5.894667,51.133000,61.400667,7.366333,55.506000,66.207045,46.910108,73.143458,97.606237,0.986333,-13.360000,14.346333,46.153478,72.891886,2.975000,-11.259000,14.234000,14.499845,64.519215,6.639333,11.715667,-4.683000,-1.682667,11.727000,-1.682667,17.775667,47.267379,44.688046,86.887629,66.585360,29.382333,-20.373333,49.755667,84.746395,71.750245,91.476667,-106.806667,0.453333,-0.634333,2.396633,48.679724,1.035000,-0.233667,19.541813,68.710333,0.189667,-0.080000,18.283952,67.384078,0.938000,-0.246667,17.017481,96.217806,0.455667,-0.120000,46.787192,48.711290,0.123333,-0.012333,46.914891,9.581749,1.273333,-0.109667,48.932252,4.032810,0.236667,-0.060667,52.835450,13.116197,0.085333,-0.297667,26.347658,54.221011
M_DR_L206M1NAAA,67.022176,32.977824,0.742840,48.572294,1.681667,35.717738,0.442434,28.929317,0.382387,25.003008,0.895000,67.419793,0.438333,0.355000,-17.054164,25.908421,38.764316,-42.624690,-17.213032,11.330860,18.309888,38.074333,27.156000,10.918333,65.755952,98.852485,2.679333,-1.803333,4.482667,59.557713,8.612452,2.740000,-8.241333,10.981333,31.873385,74.998389,51.259667,51.415667,26.840667,35.905000,54.905667,35.905000,28.065000,7.500100,52.653288,91.510663,67.022176,-5.289000,0.643667,-5.787333,-3.190333,-1.300333,-4.739333,6.431000,48.419401,3.176079,80.372351,99.287749,-2.076000,-12.862667,10.786667,93.567803,14.316145,18.602333,33.670667,13.687667,34.225667,38.716667,18.943000,25.029000,66.724528,46.309423,71.961301,100.000000,4.566333,-1.046000,5.612333,85.630259,10.317873,-10.623333,-22.413667,11.790333,10.222907,66.959860,8.472333,21.795667,4.401333,6.589000,16.075667,6.589000,17.394333,47.552379,2.474822,87.121957,67.022176,25.003667,-7.469000,32.472667,84.440900,26.806785,30.280000,-33.743333,0.300000,-0.235000,16.199652,72.563183,0.808000,-0.092000,27.892695,85.732429,0.096000,-0.018667,20.528032,62.837431,0.428667,-0.083000,23.210369,80.826429,0.339000,-0.046333,32.664775,25.222774,0.071000,-0.006667,43.175567,60.498993,0.898333,-0.063000,49.287275,1.588039,0.226333,-0.018000,52.398290,41.888066,0.045000,-0.142333,23.692501,52.811992
M_DR_L206M2NAAA,66.354183,33.645817,0.827170,54.063399,1.706667,35.334355,0.484896,31.692543,0.443480,28.985621,0.918333,65.734189,0.406667,0.281667,-26.788241,36.000917,48.493217,-77.643859,-3.360830,9.786013,9.890512,24.490333,14.280000,10.210333,66.889733,65.500486,4.584000,-2.253333,6.837333,49.915265,5.095695,2.924000,-6.870667,9.794667,55.685525,76.702040,41.129667,41.689000,7.563667,22.052667,46.732667,22.052667,39.169000,4.127072,53.182163,90.641686,66.354183,-4.918333,6.770333,-4.950667,-4.306667,-1.782000,-5.531667,12.302000,47.897000,23.043944,88.444124,80.370789,6.419000,-6.108333,12.527333,66.041443,32.221928,14.895667,34.818667,4.208333,34.992333,43.695000,14.828667,39.486667,65.789459,45.847930,77.973396,100.000000,10.348333,0.421667,9.926667,78.058209,42.327529,-21.115667,-34.419667,13.304000,32.083473,85.209003,5.272000,17.036667,-1.915333,2.415333,14.180333,2.415333,18.952000,48.318277,22.147902,87.768879,66.354183,20.561667,-10.605333,31.167000,87.371880,15.052915,29.440000,-32.830000,0.492000,-0.217667,15.170737,74.176298,0.868667,-0.110000,28.246132,96.987011,0.074333,-0.070667,14.563559,45.746564,0.251333,-0.138000,15.638374,45.790295,0.438333,-0.051333,35.006075,65.247643,0.096333,-0.006667,46.291289,24.814941,0.959000,-0.093333,47.849460,1.766718,0.284333,-0.015667,49.044362,7.810594,0.047000,-0.095000,31.696118,52.822984
M_DR_L217M1NAAA,68.448036,31.551964,1.078777,66.182618,1.233333,48.697184,0.875989,53.741642,0.551447,33.831084,0.588333,101.994509,0.421667,0.216667,-73.897525,111.139971,190.397959,-206.896162,-98.931315,14.456748,29.066191,5.832667,-0.919667,6.752333,7.952969,68.031727,1.927667,-3.369667,5.297333,39.952053,48.540682,4.481000,-5.563667,10.044667,5.670839,88.189377,34.529000,37.101667,-16.931667,-2.751333,35.769333,-2.751333,54.033333,6.767036,58.993185,90.777588,68.448036,-7.660333,5.292667,-8.203667,-6.862000,-1.970333,-7.735667,13.795333,48.203390,24.306633,93.911873,72.389110,-0.501667,-20.115333,19.613667,42.963210,11.953468,10.610000,42.887000,2.672667,44.506333,65.492667,9.977667,62.820000,68.042226,47.394991,78.189572,98.744633,0.973333,-6.601667,7.575000,15.643730,35.407705,0.883000,-20.044000,20.927000,14.085831,2.510236,2.842000,14.856333,-9.018667,-7.418667,7.166000,-7.418667,23.875000,54.163014,47.335371,93.844406,68.448036,13.457000,-18.838667,32.295667,87.371947,76.019280,95.110000,-83.033333,0.432333,-0.644000,8.756546,56.021771,0.953667,-0.165000,46.605347,87.855954,0.224000,-0.080667,19.472574,50.327835,0.804667,-0.238000,20.079185,97.935113,0.459000,-0.062333,43.134330,66.683554,0.104333,-0.011000,51.316535,8.569322,1.114333,-0.174000,53.844691,8.458241,0.188667,-0.038667,56.170435,17.370230,0.041000,-0.128000,25.416620,57.658241
M_DR_L260M1NAAA,67.714393,32.285607,1.151743,60.300698,1.543333,38.892248,0.746993,39.109583,0.598313,31.325305,0.761667,78.779882,0.510000,0.315000,-46.559873,50.408332,94.929107,-95.761399,-27.943460,17.092741,38.865452,39.379667,25.670667,13.709000,26.036518,49.575191,4.979333,-0.090000,5.069333,39.692936,82.219785,10.076000,-1.143667,11.219667,36.845846,84.355775,54.513000,57.274667,12.896333,35.128667,55.338000,35.128667,44.479667,8.493907,52.168965,100.000000,67.714393,0.874000,4.504333,-0.809667,0.572333,2.180667,-0.395333,5.551667,53.092048,23.028553,89.303672,81.118826,4.544000,-8.658333,13.202333,35.595483,65.641836,12.111667,46.704333,6.157000,47.585667,53.891000,9.204667,47.734000,67.390291,45.423863,72.699569,95.580004,0.226333,-4.545333,4.771667,55.187286,49.104071,-5.671000,-19.470667,13.799667,74.871275,32.067511,8.161667,15.085000,-4.499667,-2.179000,14.527667,-2.179000,21.300667,48.776232,46.605686,96.446825,67.714393,21.869000,-11.940000,33.809000,82.838361,71.936801,80.906667,-52.666667,0.620000,-0.740333,18.684313,54.653300,0.987333,-0.177667,49.916498,66.061471,0.055000,-0.083333,36.793361,43.366117,0.345000,-0.355000,46.132260,34.281832,0.366000,-0.116667,44.360405,3.974161,0.112000,-0.008333,45.130342,45.811024,1.561000,-0.162000,51.310267,8.217118,0.214000,-0.055667,52.300256,15.116095,0.035000,-0.353333,14.078319,54.105453
M_DR_L265M1NAAA,64.817968,35.182032,1.149033,75.116768,1.131667,53.068190,1.016367,66.444062,0.598387,39.118797,0.575000,104.432090,0.418333,0.140000,-55.471602,86.384580,188.654383,-212.363667,-112.919670,54.865244,56.550785,20.896000,16.468000,4.428000,65.011516,54.967157,3.149667,-3.026667,6.176333,15.760708,44.879152,7.112000,-5.663000,12.775000,5.908803,57.159710,45.458667,45.548000,5.369000,17.025333,44.475333,17.025333,40.575000,4.817910,54.667109,92.485473,64.817968,-4.820000,7.168333,-5.052667,-2.880667,-0.928667,-4.398667,12.333333,44.592313,1.046338,82.352993,71.985485,1.124667,-17.788000,18.912667,49.468597,37.732858,3.745333,42.486333,3.641333,44.055000,61.123000,-1.007667,62.130667,64.375733,14.499253,74.248182,97.657855,-0.397333,-6.351667,5.954333,66.486316,40.311771,-0.694667,-19.337000,18.642333,15.186201,0.604022,5.297667,14.320667,-9.474000,-7.643667,10.279667,-7.643667,23.794667,48.895392,63.194348,96.750802,64.817968,28.244667,-9.056333,37.301000,85.582464,72.937945,70.423333,-82.533333,0.779667,-0.540333,67.288585,53.330132,0.917333,-0.332333,46.401650,97.354824,0.128333,-0.091667,15.924534,84.104245,0.541667,-0.432000,14.407263,97.213581,0.348000,-0.136000,45.816134,84.104245,0.088667,-0.010333,45.816134,4.030865,1.099000,-0.249000,49.507648,4.424388,0.239000,-0.039667,51.389133,13.545457,0.032333,-0.296333,2.213213,52.292028
M_DR_L271M1NAAA,68.338072,31.661928,0.853293,55.408658,1.205000,49.810365,0.708084,45.979498,0.416997,27.077706,0.601667,99.801480,0.341667,0.251667,-54.735481,77.989905,110.186862,-223.292649,-104.302200,32.355890,-75.500587,25.301000,19.316000,5.985000,47.067352,93.002083,4.458333,-1.001333,5.459667,43.902439,47.035329,4.686333,-12.411667,17.098000,71.951220,56.159477,43.211333,45.825000,15.898667,26.197000,55.042667,26.197000,39.144000,6.985523,59.898604,87.697835,68.338072,0.132333,11.832667,-0.775333,4.561333,8.370000,-0.139000,13.682000,38.078721,1.490515,85.069199,99.449036,9.966333,-0.399333,10.365667,12.091238,49.682221,7.368333,48.872000,5.523333,49.845667,64.935333,12.314667,59.412000,67.922986,0.948509,80.642477,100.000000,2.944000,-11.560000,14.504000,75.884695,46.345890,-25.194000,-48.830667,23.636667,63.850388,62.632295,-26.132667,16.501333,-26.788000,-6.214000,-6.214000,-32.822333,49.334667,51.580088,0.679746,68.338072,75.117195,14.731667,-21.648333,36.380000,37.627175,91.155514,64.733333,-53.096667,0.708000,-0.310333,18.799463,67.368295,0.939667,-0.219000,35.511648,100.000000,0.090000,-0.046000,21.815575,36.727586,0.336667,-0.233667,20.422129,37.694013,0.161000,-0.125333,34.643215,29.505290,0.041667,-0.027000,35.372778,26.135636,0.944667,-0.021000,52.406158,67.368295,0.328000,-0.009333,47.213066,85.996403,0.022667,-0.156333,63.348830,49.516965
M_DR_L285M1NAAA,71.945391,28.054609,1.009000,60.059524,1.501667,39.993435,0.672488,40.029042,0.473327,28.174206,0.718333,83.768882,0.475000,0.288333,-42.147519,55.891670,52.558503,-83.666195,-55.782173,21.285661,86.432467,21.618000,5.977667,15.640333,54.773184,49.402392,0.763000,-8.691667,9.454667,55.085318,9.453102,11.749667,-9.268333,21.018000,35.590348,86.554637,37.659667,38.951667,-9.127333,13.582667,40.173333,13.582667,49.881667,5.980865,54.203507,94.152827,71.945391,-5.541667,6.196333,-8.952000,-7.543667,-6.185333,-11.226000,17.422333,53.606091,9.430944,89.688391,77.942683,-7.814000,-24.272000,16.458000,65.796515,26.310861,16.086667,32.691667,1.959000,33.246667,38.301333,17.520000,36.342333,71.612112,43.738940,83.463483,100.000000,-0.391000,-11.948667,11.557667,74.415640,70.915184,-0.153667,-17.587000,17.433333,72.928799,66.339118,-6.279667,9.910667,-23.153667,-18.967000,6.205667,-18.967000,33.064333,50.631225,69.033737,90.357077,71.945391,23.346000,-13.295667,36.641667,76.988708,11.232360,81.830000,-98.996667,0.562333,-0.777333,14.196528,52.610262,0.765000,-0.185333,40.041624,78.860595,0.107333,-0.072333,7.770451,52.345815,0.495000,-0.324000,7.877978,52.773586,0.283333,-0.112000,37.984788,30.895008,0.063333,-0.019000,46.463442,7.087466,1.018000,-0.082667,54.167606,2.669475,0.174333,-0.126667,51.683575,20.957007,0.074333,-0.193000,26.518418,50.999828
M_DR_L288M1NAAA,66.382170,33.617830,1.144317,63.573148,1.053333,57.181127,1.088366,60.464773,0.625763,34.764630,0.528333,113.678034,0.348333,0.193333,-85.964631,85.230173,194.163450,-158.594399,-101.291514,27.138872,43.047041,10.202667,6.725000,3.477667,43.475463,6.570236,1.182333,-6.523000,7.705333,21.485914,69.485008,9.507333,-0.050000,9.557333,21.740216,81.034535,30.892000,32.125667,-5.590333,8.256000,31.508667,8.256000,38.248667,7.564134,54.469435,99.691358,66.382170,-9.783333,-2.505333,-11.178000,-11.232667,-7.727000,-12.582667,10.077333,50.085180,45.535290,88.101192,70.541035,-18.472667,-32.658667,14.186000,61.841937,17.761934,10.527333,42.785333,3.592000,44.180333,52.870333,4.150333,49.862667,65.905661,46.003596,72.540011,97.267186,1.614333,-13.721333,15.335667,44.200566,77.077222,12.804000,-5.185667,17.989667,16.813759,92.515032,7.222667,16.771667,-6.541000,-4.466667,12.170333,-4.466667,23.312667,53.403721,64.971033,97.014702,66.382170,27.108667,-4.483333,31.592000,85.218521,71.474297,110.916667,-128.650000,0.559333,-0.990000,65.832694,52.650507,0.679333,-0.304000,21.094021,73.723911,0.142667,-0.057000,18.963579,53.506108,1.033667,-0.297000,16.320225,97.757242,0.403000,-0.086333,20.939700,66.554882,0.079333,-0.010667,49.571889,1.887647,0.999000,-0.197333,53.581277,9.275212,0.295000,-0.015333,53.202931,83.471648,0.045333,-0.323000,5.586040,53.217463
M_DR_L315M3NAAA,64.211796,35.788204,1.040623,65.038958,1.108333,54.140001,0.939135,58.695948,0.592143,37.008958,0.555000,108.113958,0.426667,0.150000,-76.371282,82.786488,96.282220,-117.253473,-39.712662,19.668723,-1.918851,24.549333,14.533000,10.016333,61.315143,49.775087,6.617667,-6.978667,13.596333,22.114862,65.395386,14.051667,2.696333,11.355333,43.152577,41.277224,57.375000,58.071333,21.503000,31.033000,59.559000,31.033000,38.248000,6.321347,52.183127,92.774538,64.211796,-6.581667,4.258333,-9.612333,-7.791000,-1.586333,-10.841667,15.615667,20.002916,39.849181,83.755318,69.768435,6.305000,-12.265667,18.570667,82.708289,53.120097,42.038000,73.545667,40.360667,74.044000,77.565333,41.553000,38.178333,63.760630,21.972774,72.489833,100.000000,9.630667,-6.293000,15.923667,75.264452,18.048724,12.066000,-0.777667,12.843667,15.221343,75.473057,21.418667,24.290667,6.063667,15.927000,25.437333,12.718667,19.817667,31.834513,6.468540,96.847288,87.526427,23.228000,-22.401667,45.629667,37.518769,87.524370,66.266667,-85.103333,1.399000,-0.453667,7.220099,62.403732,1.039000,-0.455667,19.250017,34.550181,0.291333,-0.138667,18.951057,66.973670,1.044333,-0.394000,17.448748,34.974884,0.587667,-0.256000,19.247336,34.403429,0.134667,-0.079000,21.500488,48.276267,1.513000,-0.028333,49.773746,31.182675,0.573000,-0.017333,17.600955,62.858296,0.063000,-0.568667,57.578616,18.951773
M_DR_L324M1NAAA,68.228239,31.771761,1.222863,69.493833,1.170000,51.320902,1.045678,59.425039,0.650270,36.954336,0.536667,111.829523,0.450000,0.220000,-104.749178,116.330400,251.803131,-161.762141,-80.720900,25.104386,66.361350,24.369667,14.564333,9.805333,24.831723,86.649165,4.703667,-3.435667,8.139333,30.993019,72.184408,13.851667,0.846667,13.005000,24.554619,77.916597,51.444000,54.581000,2.523667,21.195000,49.585333,21.195000,52.057333,8.240417,55.381829,96.652720,68.228239,-6.054667,5.254000,-8.454000,-6.225000,0.021667,-7.104667,13.708000,54.035095,4.698082,88.565759,70.507252,-22.120000,-40.972000,18.852000,85.887338,10.190067,14.297667,56.549667,4.542000,57.981333,65.513333,9.809333,60.971333,67.800564,44.105440,73.204089,96.858133,-4.463667,-25.512000,21.048333,43.923751,75.036899,11.905333,-6.758667,18.664000,66.267225,74.424762,12.192667,13.901000,-7.344667,-1.889000,17.617000,-1.889000,24.961667,50.248567,6.990935,94.434488,68.228239,32.471667,-12.944667,45.416333,85.022139,71.361428,132.050000,-119.050000,0.816667,-0.744000,6.424377,53.835464,0.956333,-0.212667,17.165956,77.043970,0.191000,-0.077000,13.810618,83.320121,0.724000,-0.290333,12.403137,97.572839,0.269667,-0.140333,44.159301,45.350666,0.071000,-0.010667,56.681622,1.710697,1.038000,-0.271000,48.405906,6.415113,0.254333,-0.027667,55.208818,50.208700,0.065333,-0.384667,1.998901,55.159534
M_DR_L351M1NAAA,77.850972,22.149028,0.515593,28.965918,0.965000,62.271242,0.537361,30.188840,0.280260,15.744944,0.491667,122.204469,0.278333,0.281667,-27.456826,36.215210,106.881760,-153.146489,-77.075903,4.747122,58.311082,28.829333,26.822667,2.006667,14.000448,72.556135,1.371000,-1.149000,2.520000,39.176710,52.128847,4.931667,-0.476333,5.408000,35.411384,51.279249,48.437333,48.545667,33.901667,46.435667,49.557333,45.956000,15.656333,3.974662,56.943362,93.604654,85.865544,0.136667,2.895667,-0.922333,-0.583667,1.886333,-1.433000,4.697000,40.896359,51.007259,98.575429,83.424952,27.125333,7.276667,19.848667,37.878661,35.773758,37.753667,58.410000,24.358000,58.420000,58.447667,25.362667,34.928000,77.166208,8.953969,78.204062,100.000000,15.460333,1.039667,14.420667,81.156889,54.781201,-26.869667,-40.339000,13.469333,46.021511,38.291226,1.242000,13.473000,-11.582667,-9.300667,3.963333,-9.473667,25.055667,42.796024,74.898145,97.869250,79.841022,23.391667,-2.592667,25.984333,83.162372,82.812545,65.666667,-89.430000,0.628000,-0.191333,17.085610,52.338518,0.525000,-0.155000,22.437999,32.660782,0.075667,-0.058000,39.560039,63.079725,0.256333,-0.209333,17.531176,66.484517,0.119333,-0.078000,44.763906,62.908785,0.013333,-0.013667,27.812807,6.663864,0.677333,-0.008000,30.561861,57.817010,0.215333,-0.013000,38.203727,2.367942,0.007333,-0.199667,6.492924,38.237355
M_DR_L356M1NAAA,62.326432,37.673568,0.813400,68.951776,0.991667,61.098931,0.827691,70.165716,0.415490,35.220796,0.523333,116.078599,0.331667,0.138333,-104.335938,75.613415,160.891880,-189.694870,-84.915396,-2.439577,72.080878,33.840000,27.423667,6.416333,14.200299,15.872063,12.088000,-2.027667,14.115667,20.478317,42.793623,4.718333,-7.522667,12.241000,29.312075,79.052865,60.463000,60.900000,15.264333,25.657667,58.690000,25.657667,45.955667,1.523810,51.845867,89.486205,62.326432,-0.954667,12.304333,-4.952333,-5.334667,0.658333,-6.939333,19.243667,16.143571,61.817274,82.753521,65.821514,-10.767667,-23.554333,12.786667,21.760349,33.904762,17.752000,46.121333,10.658667,48.231000,64.160333,11.191000,54.091333,61.817274,45.836156,72.528348,98.534798,3.911000,-15.587667,19.498667,20.907310,66.298544,5.830333,-11.366333,17.196667,58.215700,83.056087,-13.224000,10.568333,-16.821667,-14.696000,2.420333,-16.329667,28.619333,33.210617,21.057771,84.563832,74.882486,31.413333,-96.780667,128.194000,54.669793,33.675740,23.266667,-42.896667,0.258000,-0.266333,0.190476,7.238095,0.177000,-0.202000,7.428571,5.523810,0.063667,-0.039667,7.428571,5.523810,0.141667,-0.176000,7.238095,0.190476,0.098333,-0.106000,7.428571,5.523810,0.004667,-0.015333,20.000000,7.619048,0.005667,-0.057333,0.190476,13.142857,0.034333,-0.038667,1.523810,6.476190,0.039000,-0.054333,5.142857,7.238095
M_DR_L357M1NAAA,69.840012,30.159988,1.109040,71.092308,1.246667,48.608317,0.899386,57.652951,0.670703,42.993803,0.660000,91.802903,0.391667,0.188333,-49.286861,55.776329,115.961320,-110.792701,-59.966311,29.468333,56.963587,28.420000,22.769667,5.650333,55.475352,57.337777,-2.325000,-11.195333,8.870333,34.619104,34.523810,13.071333,-11.941667,25.013000,32.611782,85.407864,43.722000,47.501667,4.791667,21.141333,49.388000,21.141333,44.831333,9.392606,55.097250,100.000000,69.840012,-7.123333,-2.267333,-12.095333,-8.334333,-1.505000,-9.033000,10.887333,32.912056,27.803907,89.235273,80.863095,16.647000,-6.230333,22.877333,59.698329,23.158535,-0.630667,37.279000,-0.650667,38.082667,42.112333,3.644000,42.763000,69.434943,17.957746,73.700537,97.260507,-0.050667,-9.072667,9.022000,58.297843,30.046948,4.140667,-14.484000,18.624667,33.937235,90.951263,10.047333,15.236000,-5.508333,-3.294000,16.553000,-3.294000,22.088667,42.868181,50.538229,95.468226,69.840012,37.006000,-5.124000,42.130000,67.441315,80.882797,46.736667,-83.746667,0.768333,-0.591333,7.018360,63.453638,0.973000,-0.324000,26.545244,92.659988,0.110667,-0.070333,15.955036,48.148055,0.428000,-0.336000,15.095015,66.454840,0.394667,-0.144000,26.300721,68.582607,0.078667,-0.026667,31.189917,59.137883,0.826000,-0.158667,49.052370,5.404790,0.159000,-0.031333,45.121982,53.663229,0.071333,-0.477667,4.072211,45.691790
M_IZ_L031M3NAAA,67.723138,32.276862,1.097733,69.476793,1.146667,52.336464,0.957235,60.584523,0.538687,34.094093,0.553333,108.435708,0.363333,0.230000,-84.154538,68.222663,149.111112,-217.078545,-83.763974,1.590823,29.342872,23.238333,17.920000,5.318333,38.898136,67.938988,7.426333,-2.863667,10.290000,22.387925,77.288148,7.678000,-6.429333,14.107333,40.686695,87.493728,39.857000,41.071000,1.954667,15.697333,43.412000,15.697333,41.472333,3.782173,55.220930,88.347522,67.723138,1.385000,4.275333,-7.052000,-7.217000,1.371000,-7.972000,12.247333,22.251304,67.287001,94.919409,70.053327,16.230000,-9.714667,25.944667,91.547428,67.729579,0.400000,47.116333,0.245333,48.924000,63.971667,-1.103667,65.075333,67.287001,14.057971,74.995252,98.253585,12.893333,4.823667,8.069667,65.031024,68.606940,-7.957333,-37.752333,29.795000,73.099846,33.333333,2.219000,10.049333,-17.025333,-15.457667,9.066667,-15.457667,27.641000,37.914287,65.692466,94.340542,67.723138,13.547667,-27.885000,41.432667,85.172690,30.383529,99.490000,-45.730000,0.619000,-0.384333,12.661013,52.607839,0.897333,-0.261333,24.547753,97.379445,0.112333,-0.102667,18.446075,48.233073,0.354667,-0.221667,18.241131,96.510902,0.698667,-0.101333,49.413683,64.683571,0.202333,-0.015000,50.291044,7.262964,1.206667,-0.133667,51.596235,5.523501,0.283000,-0.093000,53.611647,20.078055,0.275667,-0.280000,41.748295,55.075159
M_IZ_L043M2NAAA,69.486596,30.513404,1.026027,61.073016,1.423333,42.239528,0.723313,43.054327,0.486443,28.954960,0.636667,94.530414,0.506667,0.280000,-61.687908,93.048755,162.464291,-121.901889,-104.237392,22.459213,74.833838,13.424000,1.956333,11.467667,18.886576,48.606622,0.712667,-3.427667,4.140333,60.534953,30.239724,15.760000,3.678000,12.082000,26.807416,87.350787,31.840000,31.968333,-6.596333,14.161000,34.026333,14.161000,40.622667,2.060606,54.273040,88.219235,69.486596,-6.748000,3.954333,-7.547667,-2.555333,-2.455000,-8.938667,13.276667,58.950873,4.487462,78.423795,83.878023,1.837333,-12.521667,14.359000,9.965462,82.818934,16.424333,53.102333,9.823333,54.182000,59.959667,15.757333,50.136333,69.134600,37.619653,73.457363,95.820412,1.928333,-4.612333,6.540667,82.465451,61.709519,4.928333,-6.256667,11.185000,68.400057,0.582341,12.185333,20.194333,-4.131333,-2.724000,15.681333,-2.724000,24.325667,52.193985,48.639829,89.088609,69.486596,-1.642333,-18.360333,16.718000,84.028885,66.416024,72.670000,-35.273333,0.783667,-0.691000,6.437839,55.350113,0.892000,-0.352333,51.325098,2.100336,0.065000,-0.076333,19.478800,2.693878,0.384000,-0.212000,10.768703,31.800158,0.369333,-0.172000,48.442653,2.221109,0.115333,-0.008667,54.217035,28.722020,1.284333,-0.155000,54.106585,6.192315,0.241000,-0.101000,56.538710,22.595986,0.193000,-0.048333,47.739248,4.430139
M_IZ_L043M3NAAA,67.075819,32.924181,1.150933,68.102564,1.311667,45.837375,0.878836,52.002144,0.534097,31.603353,0.605000,99.908659,0.451667,0.255000,-74.814098,94.818256,181.951784,-134.938915,-104.422095,36.148171,53.449525,22.368667,9.055667,13.313000,22.570492,48.494793,2.410000,-3.762000,6.172000,37.727262,38.458829,8.020000,-1.666000,9.686000,36.928377,46.039915,39.177333,39.318333,-0.744000,16.029333,40.224333,16.029333,41.713667,2.921647,54.421256,93.209610,67.075819,-3.414333,5.040333,-5.244000,-0.271333,0.262000,-4.963667,11.317000,50.565866,6.087645,77.567187,81.047828,5.993000,-11.666333,17.659333,52.969284,85.797970,13.563000,53.591333,4.882333,54.529667,59.902000,8.775000,55.019667,66.693841,33.377301,71.653356,98.060353,3.037000,-2.557667,5.594667,80.302913,64.871637,-3.297667,-14.932333,11.634667,76.954865,60.266328,14.361333,22.534667,-1.417333,3.079333,19.067000,3.079333,23.952000,51.670093,27.689583,94.320539,67.075819,20.694333,-34.604000,55.298333,83.550613,3.955684,99.603333,-39.046667,0.936333,-0.970333,19.660321,67.118479,1.086667,-0.248000,51.636310,91.241287,0.050000,-0.067000,49.074692,66.418522,0.328667,-0.357333,51.359956,46.243953,0.423667,-0.140000,40.394883,32.380741,0.130000,-0.009333,54.113044,62.317811,1.600667,-0.103000,53.975289,7.138110,0.271667,-0.108000,56.240502,16.711554,0.608000,-0.311667,50.500603,57.389537
M_IZ_L076M3NAAA,66.468799,33.531201,1.078493,57.983513,1.253333,47.901715,0.860771,46.278015,0.550777,29.611649,0.663333,90.522268,0.381667,0.208333,-22.672116,62.609042,119.908323,-144.591315,-121.584092,5.631715,64.358453,9.591333,6.987333,2.604000,68.849934,23.585000,3.305333,-0.720667,4.026000,26.266070,26.763397,8.866000,-1.341000,10.207000,35.900125,58.546954,28.464667,28.643000,-2.257667,8.236000,31.399000,8.236000,33.656667,2.049180,52.821222,90.711448,66.468799,-6.929333,2.999667,-9.623667,-9.790667,-5.267333,-12.181333,15.181000,43.308710,66.069618,100.000000,75.941753,1.461333,-10.872667,12.334000,56.504525,62.547750,15.342000,45.392667,10.713000,46.233667,55.021333,10.054000,45.153333,66.069618,43.324216,75.770432,99.330656,7.796667,-1.786000,9.582667,79.751586,12.639922,11.484000,-5.158333,16.642333,12.639922,85.131235,4.005000,15.930333,-14.856000,-15.337000,4.673000,-16.147667,32.078000,46.301411,66.069618,91.197026,68.569351,21.883667,-1.704000,23.587667,79.797780,81.085741,103.140000,-61.283333,0.828333,-0.501667,2.920224,49.110231,0.983667,-0.333333,34.238520,40.584212,0.142667,-0.075000,15.970299,69.712779,0.585667,-0.313667,13.393556,64.989350,0.630000,-0.139333,16.503349,2.387174,0.129000,-0.036333,41.783828,40.855472,1.710000,-0.033333,46.949127,3.214758,0.617000,-0.018000,48.272945,0.661750,0.030667,-0.543667,43.558175,50.045205
M_IZ_L077M1NAAA,63.168925,36.831075,1.032173,62.204374,1.271667,47.183308,0.811743,48.920121,0.513880,30.969611,0.655000,91.635097,0.421667,0.195000,-0.958803,52.530977,101.158999,-148.199401,-72.900627,2.652731,43.886863,2.187000,-7.033000,9.220000,69.852202,23.731138,11.236333,0.796667,10.439667,15.988705,66.708180,13.899000,0.480000,13.419000,24.525778,72.631895,12.636333,12.753333,-19.698667,-10.432333,19.000333,-10.432333,38.699000,2.635046,52.027734,87.947363,63.168925,3.471000,12.786667,3.104333,2.942000,4.722667,0.844333,11.942333,20.973616,42.040823,90.139325,68.812079,8.773000,-12.804333,21.577333,43.090809,87.645693,2.471333,33.310333,-0.396000,34.549000,52.563667,-0.662333,53.812000,62.775731,25.700210,73.135684,98.822987,1.755333,-6.295333,8.050667,26.343531,73.141317,2.700000,-9.280000,11.980000,71.032822,24.645673,-0.206667,16.742667,-9.829000,-5.604000,7.560667,-7.971667,26.571667,50.982992,4.455851,84.796140,65.007776,10.629000,-11.526333,22.155333,67.579596,72.218568,24.710000,-21.110000,0.369000,-0.364000,33.071904,32.742523,0.535333,-0.140333,11.966118,1.050906,0.030667,-0.034667,9.997095,29.981949,0.190667,-0.165667,10.522548,33.071904,0.281667,-0.090667,11.966118,1.446163,0.041000,-0.017000,30.113182,39.973857,0.685000,-0.039333,32.479018,1.975247,0.106333,-0.024000,32.217070,2.102331,0.012667,-0.103000,20.341726,33.141411
M_IZ_L080M1NAAA,66.638245,33.361755,0.818310,70.543966,1.286667,47.110682,0.641276,55.282403,0.422750,36.443966,0.601667,100.878053,0.488333,0.196667,-62.359054,135.690685,210.076378,-162.374355,-176.795174,25.309994,23.281198,28.435667,8.923667,19.512000,72.824825,46.019913,-3.305000,-16.725333,13.420333,10.883240,71.009510,1.097333,-26.126333,27.223667,98.564815,56.489275,61.069000,61.247000,1.400000,20.111667,63.526667,20.111667,62.210667,1.544402,58.028153,95.951916,66.638245,-4.416333,7.671333,-15.374333,-14.371000,-2.613000,-14.573000,23.364000,13.483215,64.161429,83.189046,67.378986,15.688667,-2.695667,18.384333,77.006685,65.223456,22.696667,50.098667,15.210000,51.976000,73.875333,18.506000,60.039333,66.245656,42.182861,74.059488,99.292596,1.578000,-14.719667,16.297667,33.037037,68.988238,8.905667,-9.639333,18.545000,47.104193,90.454740,2.960667,20.516667,-11.350333,-11.610000,5.657667,-12.290667,33.062333,52.107804,66.116956,96.474117,67.082690,9.179000,-6.273667,15.452667,60.674407,71.235611,45.546667,-41.426667,0.879333,-0.261000,4.818497,78.493922,0.608667,-0.140667,26.557289,23.545653,0.139667,-0.053000,11.955438,25.373427,0.474000,-0.303000,10.527671,2.342575,0.317333,-0.087000,32.723956,2.851816,0.087333,-0.053333,49.664325,5.398935,0.916667,-0.084000,52.314296,68.224028,0.202000,-0.057000,48.190280,1.023130,0.070333,-0.127333,18.655048,46.913556
M_IZ_L085M2NAAA,74.085286,25.914714,0.645663,44.223516,1.785000,33.629524,0.361715,24.775018,0.304467,20.853881,0.925000,65.018291,0.448333,0.411667,-39.151217,11.769701,21.299494,-63.479341,-81.216767,12.749322,0.077955,16.455333,9.149667,7.305667,56.858419,32.546224,4.171000,-4.670667,8.841667,36.831008,58.551862,3.481000,-6.230000,9.711000,36.835570,60.536055,43.576000,43.584667,10.665667,21.625000,44.363333,21.625000,34.947667,2.017291,59.413277,96.727920,74.085286,-4.294333,9.116000,-7.706333,-7.695000,-2.441000,-7.760333,16.918000,48.105137,73.525711,92.553639,74.909945,2.582667,-11.313000,13.895667,60.900353,47.533116,28.221667,47.938333,16.265333,47.995667,51.237333,29.813000,34.972000,73.805040,43.391429,81.069657,100.000000,-4.286333,-13.387667,9.101333,59.871876,72.125397,9.752333,-1.135000,10.887333,74.358510,63.102543,4.779333,17.604333,-1.849000,2.401333,12.703000,2.401333,19.453333,53.634860,26.455116,87.146946,74.085286,26.584667,3.184667,23.400000,69.317950,34.586910,41.516667,-39.706667,0.307000,-0.200000,19.366897,78.654605,0.976000,-0.084333,37.921337,71.413390,0.201333,-0.023333,23.821627,73.515130,0.542667,-0.091000,22.616590,91.433993,0.453667,-0.041667,40.112839,71.054078,0.069333,-0.009333,48.865893,67.063461,0.705000,-0.069000,54.006180,3.920493,0.162000,-0.004333,50.687386,91.279492,0.008333,-0.156000,49.055013,58.533368
M_IZ_L091M2NAAA,70.052739,29.947261,1.224173,68.009630,1.615000,37.166489,0.758206,42.122549,0.618013,34.334074,0.741667,80.919540,0.523333,0.350000,4.045650,52.502559,114.395401,-161.172422,-67.916328,-0.923411,88.174899,9.311000,5.380667,3.930333,39.288522,22.088353,3.057667,-3.899000,6.956667,22.719518,72.435840,3.500667,-3.527333,7.028000,37.651465,54.348308,27.280333,27.463000,-9.956333,6.368333,31.264667,6.368333,41.221000,1.149777,60.249606,89.370887,70.052739,-3.984667,1.702333,-12.849333,-12.998667,-6.088000,-13.664333,15.366667,39.874815,69.743018,100.000000,72.236022,25.997000,7.350667,18.646333,34.271819,68.008849,3.507667,50.850333,1.272000,52.262000,66.401333,1.444667,65.474667,69.743018,41.430153,76.042585,97.913353,23.187333,5.561333,17.626000,82.649902,41.261620,18.098333,-12.975000,31.073333,73.674723,99.789695,5.605000,13.468333,-14.947333,-15.133667,18.341333,-15.510667,33.871667,46.736726,69.743018,81.513392,70.784863,20.230000,-26.723333,46.953333,44.477587,77.068384,127.846667,-52.646667,0.591333,-0.240000,9.131704,72.237816,0.941333,-0.265667,50.155935,1.343050,0.072000,-0.123000,15.786256,47.797753,0.139000,-0.636000,34.738853,47.201709,0.560000,-0.086333,22.197520,32.678486,0.212000,-0.008000,50.261088,3.149293,1.510667,-0.059000,49.842449,2.988468,0.344667,-0.009000,54.059135,57.514985,0.017000,-0.571667,4.521026,54.781757
M_IZ_L139M1NAAA,79.561277,20.438723,0.719063,42.801389,2.181667,27.518110,0.330080,19.647645,0.320683,19.088294,1.106667,54.339678,0.441667,0.633333,-14.969005,11.935493,32.403643,-172.700142,-24.619051,18.247740,341.048736,24.293000,20.407667,3.885333,52.536684,59.640715,3.348333,-7.530333,10.878667,14.596972,61.026859,7.542667,-0.825667,8.368333,51.144366,69.052965,38.617667,38.869333,13.993667,35.084000,45.194667,35.052333,31.201000,25.794531,55.686233,89.338252,87.026169,-5.146333,0.774000,-12.364333,-10.842000,-5.378000,-10.842000,13.138333,21.722263,72.298303,93.529068,79.561277,3.912333,-9.427000,13.339333,89.830692,22.185455,8.019000,61.225000,0.888000,61.743667,67.717667,5.866333,66.829667,79.331959,16.457489,83.840063,99.608764,6.893667,-2.492000,9.385667,86.143001,64.597852,1.245333,-11.101000,12.346333,56.502243,75.516128,0.297667,20.769333,-37.825333,-32.919667,13.966333,-32.919667,58.594667,59.352063,76.821401,90.501343,79.561277,18.420333,-20.663667,39.084000,65.264737,86.803852,84.406667,-51.560000,0.372667,-0.251333,40.881416,95.532904,0.858000,-0.075333,14.368751,97.951308,0.046667,-0.022667,85.582277,85.496046,0.105333,-0.205333,64.535588,69.031993,0.552667,-0.034000,14.137269,87.608723,0.028667,-0.011667,71.284156,41.650568,0.290667,-0.030000,57.515359,3.589757,0.108667,-0.007667,51.384498,93.261627,0.006000,-0.054667,2.727960,71.976446
M_IZ_L148M1NAAA,60.435901,39.564099,1.059197,69.683991,1.350000,44.556438,0.786585,51.748983,0.583587,38.393860,0.716667,84.376546,0.410000,0.223333,-49.377782,18.586768,41.463433,-101.450476,-28.870564,-0.210317,-0.616933,40.321667,27.050333,13.271333,43.209427,93.478691,-2.524000,-13.924000,11.400000,98.251748,58.441179,-8.307333,-30.816667,22.509333,100.000000,54.164278,64.886333,66.739000,41.836000,48.680333,66.121667,48.540333,25.248333,7.696029,48.772082,100.000000,62.602914,5.094000,10.689000,-2.361667,-2.429000,0.638667,-3.779333,14.468333,20.287667,59.948047,100.000000,76.461383,14.997333,3.108667,11.888667,70.920849,17.098386,23.430333,49.276667,20.664000,49.962000,58.102667,25.326667,37.438667,60.064597,41.179701,70.860507,99.235739,-1.675333,-11.956333,10.281000,92.825932,61.638257,5.138000,-9.635000,14.773000,53.059118,77.513569,-8.317333,9.976333,-9.819667,-9.057333,-7.084667,-9.730000,19.925333,25.255099,41.707720,83.952004,83.996171,25.313000,1.192000,24.121000,97.126319,66.691387,84.286667,-63.910000,0.976000,-0.261333,14.619046,72.605506,0.649000,-0.017667,20.636850,96.669318,0.095667,-0.021333,19.203693,96.552768,0.235000,-0.270667,13.744686,34.051987,0.303000,-0.018000,42.088616,96.552768,0.072000,-0.011667,47.519968,1.871720,0.851667,-0.008667,41.715013,69.349582,0.448667,-0.008667,43.409374,90.660321,0.002667,-0.214333,90.066931,44.255629
M_IZ_L148M6NAAA,66.894686,33.105314,0.954790,58.587907,1.243333,48.271182,0.767987,47.125134,0.486883,29.875955,0.663333,90.523969,0.353333,0.226667,-35.905108,20.982471,73.833127,-96.400564,-35.537300,37.410153,22.102520,35.930000,22.218333,13.711667,51.109814,64.921355,-1.489000,-13.901667,12.412667,22.514350,69.453548,-9.029667,-25.225667,16.196000,14.924320,56.035930,48.370000,50.953333,31.573333,37.170000,48.608333,37.170000,19.380000,8.988472,52.284518,91.503514,66.894686,4.502333,11.563000,0.203000,0.063667,3.284667,-1.136333,12.699333,30.590096,66.492426,95.511204,74.799547,17.389333,-2.091000,19.480333,75.744179,22.394799,10.694333,39.730000,9.770333,40.323000,44.190667,9.960000,35.054000,66.492426,12.996982,71.589150,98.270731,-1.359000,-14.009000,12.650000,35.223045,62.604519,-11.935000,-35.582667,23.647667,50.299649,79.352995,-6.324667,14.249667,-12.203667,-11.468667,-1.073667,-11.468667,26.453333,48.141011,65.556833,93.590952,66.894686,23.641667,-38.655667,62.297333,87.776281,27.425558,43.183333,-62.910000,0.541667,-0.391333,19.664419,61.060310,0.747667,-0.208000,26.260340,63.805876,0.055667,-0.027667,35.321479,80.206974,0.224000,-0.170667,27.803165,97.597061,0.192000,-0.183000,22.458227,56.447453,0.015333,-0.024333,34.995928,55.908018,0.685000,-0.091667,49.340109,2.812657,0.050000,-0.235333,56.468461,22.118870,0.402333,-0.033000,48.944173,3.868256
M_IZ_L157M1NAAA,66.331380,33.668620,1.119970,78.319580,1.321667,45.399109,0.847108,59.238320,0.538463,37.654779,0.646667,92.792103,0.383333,0.291667,-56.437286,56.102367,29.269070,-75.635956,-70.639408,-7.312457,39.085349,26.280333,9.637667,16.642667,73.895039,48.854962,12.211000,-0.283333,12.494333,28.536313,46.877997,23.384333,1.860333,21.524000,30.766788,26.691729,47.636000,48.243000,2.588667,6.629333,43.490667,6.629333,45.829667,6.560680,62.673907,99.239995,66.331380,1.107000,15.891667,-6.678667,10.156667,10.156667,-8.503667,26.856333,54.825635,29.739753,66.331380,87.143604,-12.683333,-33.947667,21.264333,98.730616,53.121779,33.731333,41.756667,29.731000,32.283667,46.757667,29.650333,17.248333,9.836474,25.458338,83.349812,100.000000,-7.160333,-20.886333,13.726000,47.297038,72.204886,22.828333,4.477667,18.350667,48.367978,77.047411,-7.538667,15.926667,-13.181000,-10.377333,6.327000,-10.899333,29.152000,37.075918,43.566936,86.504119,77.527309,17.551667,-47.889333,65.441000,71.524082,31.470257,44.290000,-49.483333,1.470333,-1.174667,3.279147,53.345823,0.795667,-0.320000,3.153834,62.925952,0.182000,-0.085000,25.096942,67.552155,1.221333,-0.520667,9.711160,66.917293,0.455000,-0.187667,50.466498,11.023667,0.204000,-0.033667,53.720366,16.306213,0.893667,-0.075000,43.365377,23.764521,0.116000,-0.077667,40.466018,4.539911,0.570000,-0.237667,36.050410,55.994126
M_IZ_L157M2NAAA,65.582494,34.417506,1.179193,81.888426,1.235000,48.684273,0.959693,66.645332,0.644807,44.778241,0.645000,93.268455,0.326667,0.263333,-40.663555,49.814455,25.849570,-75.936193,-29.242587,5.289689,35.244149,37.643333,20.020333,17.623000,74.307741,79.552083,11.765000,1.665667,10.099333,69.237866,21.854438,16.309667,-7.624333,23.934000,51.992716,0.982194,55.051000,57.559667,16.215000,19.002000,57.801333,19.002000,43.895000,5.168922,58.703194,100.000000,65.582494,6.923667,12.925667,-2.446333,4.137667,9.017667,-5.802667,19.072667,48.431560,34.075316,88.719899,86.538263,-4.178667,-19.820333,15.641667,78.035120,61.725145,34.129667,45.763333,30.667667,39.095667,49.695000,33.434000,19.027333,26.323962,36.073871,84.355302,88.570016,-5.739667,-15.132667,9.393000,46.330611,84.770342,15.301333,3.911000,11.390333,56.496838,76.954661,3.214667,23.872667,2.078667,11.373333,20.066000,-0.637667,24.693000,31.218210,1.219441,84.631927,98.600533,7.985000,-28.531000,36.516000,79.957709,48.498844,36.343333,-57.440000,1.057667,-0.830333,35.156243,51.406886,0.617333,-0.323333,55.168841,86.194553,0.119667,-0.102667,43.158231,62.414909,1.470667,-0.467667,10.177369,32.616194,0.378333,-0.196667,50.287983,41.610171,0.155333,-0.034667,52.653303,22.302157,1.001667,-0.028000,41.853893,22.675808,0.070333,-0.093000,41.481645,13.141515,0.230333,-0.138333,24.850288,52.955403
M_IZ_L157M3NAAA,66.097041,33.902959,1.235317,84.610731,1.255000,47.880425,0.987207,67.616885,0.617510,42.295205,0.620000,96.790982,0.346667,0.288333,-49.793026,47.714775,19.262415,-45.052767,-37.555973,-0.963784,36.046946,33.589667,18.583333,15.006333,59.641053,80.658837,12.987667,2.103333,10.884333,62.346128,56.939709,24.015000,-1.780333,25.795333,53.108017,3.184896,50.121333,54.304667,15.191000,17.239333,54.104000,17.239333,40.975667,7.913011,62.663710,100.000000,66.097041,1.791000,10.047000,-3.271667,4.270000,4.390667,-6.013000,16.060000,52.859345,23.204596,66.937377,85.627097,-8.551667,-27.961667,19.410000,33.140343,82.800565,34.208333,46.205333,30.919000,43.842667,46.747333,29.840333,17.766667,45.227557,13.066483,78.532298,98.719341,-3.283333,-17.165667,13.882333,64.698023,69.728995,8.661333,-3.663333,12.324667,43.145317,54.972726,6.700000,27.584000,2.210667,7.673000,16.869333,-4.239667,31.823667,32.561033,2.544636,86.151985,99.333227,15.639000,-54.057667,69.696667,55.726469,16.889665,44.466667,-73.950000,1.032000,-1.018667,36.706690,54.285646,0.509000,-0.300000,54.249253,58.567607,0.147000,-0.121000,58.747588,37.958630,1.587000,-0.528667,11.464553,33.868873,0.249000,-0.476000,70.224555,9.436029,0.168333,-0.096667,57.265302,11.457514,1.046000,-0.055667,41.752569,4.754489,0.073000,-0.295000,58.616354,10.131006,0.708000,-0.243333,34.699956,55.075557
M_IZ_L157M4NAAA,67.882600,32.117400,1.061037,72.673744,1.323333,45.340194,0.801792,54.917236,0.557550,38.188356,0.685000,87.632124,0.308333,0.330000,-3.248786,16.000600,15.220336,-61.192324,-87.037679,-1.799527,32.189671,24.012333,13.198667,10.813667,72.038784,98.235182,9.725667,4.010667,5.715000,26.205927,27.924528,20.668333,-0.366333,21.034667,41.067753,26.792453,57.302000,58.746667,21.422333,24.861333,57.690333,24.861333,37.629000,5.544597,60.453593,98.740233,67.882600,0.003667,6.016667,-2.666667,2.004333,2.004333,-8.959000,14.975667,56.800076,22.166000,67.882600,86.272632,-25.890667,-43.405000,17.514333,0.882409,34.004669,42.634667,55.885667,42.247667,55.643667,57.850333,40.253000,17.640333,65.617496,1.888222,72.788260,99.873737,-18.214667,-29.905667,11.691000,95.974843,35.228702,27.198333,12.519667,14.678667,37.658662,51.050124,0.758000,23.332000,-2.019667,3.871000,12.846000,-5.309000,28.641000,35.764246,23.775491,84.253859,98.235658,12.016667,-98.483333,110.500000,61.592815,43.450067,45.886667,-46.133333,0.950333,-1.197667,4.910901,53.396703,0.760333,-0.377000,14.475415,71.175434,0.204000,-0.154000,46.972556,33.591100,1.496667,-0.531000,24.794168,65.283495,0.422333,-0.231333,41.562798,34.979512,0.208000,-0.027000,55.037164,9.567848,0.685333,-0.058667,51.383648,51.123023,0.067333,-0.117000,46.079665,22.819706,0.957667,-0.197000,43.705927,58.313322
M_IZ_L157M5NAAA,69.157884,30.842116,1.145390,72.493038,1.393333,43.135790,0.824146,52.161158,0.609793,38.594515,0.716667,83.785860,0.338333,0.338333,-58.604981,39.636419,28.379782,-103.228611,-28.459492,-3.026267,29.468376,33.270000,23.160000,10.110000,57.968420,45.792405,11.164667,-1.215000,12.379667,31.552354,52.786729,23.099000,-2.764333,25.863333,34.175112,51.718582,64.456667,64.507000,28.031333,31.673667,66.674333,31.673667,38.672333,0.483092,62.743816,97.547699,69.157884,-5.246000,6.367667,-8.069667,-2.078667,-1.215000,-13.959000,20.326667,54.362225,23.727538,80.060140,83.980137,-4.996333,-25.190667,20.194333,33.121364,26.773845,42.250000,58.230333,40.359667,57.921667,65.681000,40.511000,26.017000,67.597565,11.309199,82.781488,100.000000,-4.508667,-17.943333,13.434667,91.545894,34.067441,18.891000,7.120333,11.770667,61.006813,53.487367,0.147667,22.070000,-3.637667,-2.376333,10.119667,-6.079333,28.444333,31.121541,46.468526,86.835360,89.097744,11.536333,-80.009000,91.545333,65.084165,34.400053,66.103333,-56.196667,1.336333,-1.300000,36.877909,50.881474,0.675667,-0.504667,67.144699,63.158414,0.218000,-0.245333,52.386141,5.973656,1.508333,-0.692000,23.001863,66.702470,0.548667,-0.335333,52.506914,6.207807,0.214667,-0.062667,55.144201,16.392301,0.860000,-0.029333,42.639596,54.196179,0.031667,-0.159667,44.308624,17.841317,0.796333,-0.159000,40.484752,60.651499
M_IZ_L162M1NAAA,64.850863,35.149137,1.243247,71.042667,1.250000,48.037677,0.996163,56.923585,0.607700,34.725714,0.633333,95.105726,0.416667,0.200000,-11.382986,32.080368,91.495709,-161.637160,-2773.910256,-37.168783,13.176958,16.075000,9.023667,7.051333,32.100994,72.799581,2.696667,-2.816667,5.513333,28.519100,67.404500,11.927667,2.409667,9.518000,100.000000,54.866562,33.842667,33.864667,-3.493667,4.502000,34.000000,4.502000,37.824000,0.528519,56.203558,100.000000,64.850863,-6.461333,5.524000,-9.056667,-9.449667,-8.050667,-12.105333,17.629333,45.130822,64.450549,82.349555,70.447410,-7.158000,-22.825000,15.667000,35.159602,62.318158,0.811000,44.148667,-0.184333,45.477667,57.924667,-1.897667,59.822333,64.450549,42.833595,72.080063,96.083203,0.038000,-6.347667,6.385667,85.795395,56.467818,3.302000,-15.226333,18.528333,71.177394,29.589220,0.193000,5.947000,-14.903000,-14.268000,2.177333,-14.268000,20.859667,44.722658,44.811617,85.607012,64.850863,10.411333,-20.516333,30.927667,72.017268,54.366824,143.563333,-116.360000,0.651000,-0.626333,32.517007,49.534275,0.669333,-0.157000,17.734171,59.398221,0.084667,-0.058333,16.541078,29.997384,0.470333,-0.392000,13.874935,65.034014,0.167667,-0.092333,35.863422,5.196232,0.036333,-0.014333,40.151753,10.311355,1.164000,-0.200333,48.437991,5.204082,0.157000,-0.104333,50.999477,11.847200,0.232667,-0.061000,41.792255,58.854003
M_IZ_L180M1NAAA,67.474678,32.525322,1.131770,64.672571,1.255000,47.830661,0.902394,51.565373,0.570777,32.615810,0.625000,96.125749,0.360000,0.270000,-14.978592,87.583214,176.810508,-166.399116,-84.809960,6.917514,35.890140,26.370667,20.405000,5.965667,35.287119,59.042972,0.464333,-5.558333,6.022667,49.132825,77.159501,6.582333,-5.395333,11.977667,74.735450,57.529068,47.635333,49.316667,10.078000,26.523333,50.607333,26.523333,40.529333,6.778584,53.668545,93.943534,67.474678,-8.060000,2.963667,-8.215667,-7.590333,-6.720667,-10.023667,12.987333,49.527887,23.145575,78.921898,97.901612,-8.582333,-24.309333,15.727000,51.537891,98.142714,14.246000,45.987333,7.085333,47.608667,63.820333,8.779667,57.329333,67.076089,46.358287,74.785079,96.552696,1.077333,-12.352667,13.430000,44.507102,73.978418,13.042667,2.375667,10.667000,14.352582,64.050063,-0.803000,13.749333,-6.862333,-6.050667,7.149667,-6.050667,20.611667,47.878248,66.139726,95.244575,67.474678,9.033333,-24.553333,33.586667,89.204503,72.782651,83.346667,-34.750000,0.641667,-0.544000,14.089795,53.538843,0.789333,-0.129667,41.473878,67.657114,0.069000,-0.074000,42.399677,47.394947,0.279333,-0.305333,28.623522,26.808626,0.414667,-0.054000,40.821176,34.943416,0.134333,-0.012333,49.837569,32.067822,1.368333,-0.060000,50.724606,5.011445,0.231000,-0.094000,53.769795,10.238232,0.214000,-0.106000,44.199469,36.656893
M_IZ_L195M1NAAA,67.321753,32.678247,1.200217,70.600980,1.206667,49.828147,0.996340,58.608232,0.594743,34.984902,0.605000,99.528100,0.403333,0.198333,-10.943494,6.191831,18.948568,-202.057007,-7.451678,24.350706,80.025271,20.468333,17.328667,3.139667,85.080645,32.052745,4.261333,-5.902333,10.163667,10.653297,69.743439,3.356000,-7.465333,10.821333,33.071272,77.259796,43.114000,45.596000,6.925333,22.214667,48.119000,22.214667,41.193667,6.109344,53.898763,88.468246,67.321753,-1.857000,2.868000,-9.697000,-9.686000,-1.649000,-9.709333,12.591333,12.524265,66.906518,90.057313,67.990570,2.807000,-15.322333,18.129333,63.777562,74.433419,7.149333,52.783000,6.966000,54.167667,70.057667,9.041000,63.991000,66.906518,15.456989,75.986117,98.498563,1.654333,-15.256000,16.910333,53.140422,74.460662,-2.059667,-14.663000,12.603333,47.393044,58.054192,8.750333,16.296333,-15.153000,-15.066667,8.144667,-15.066667,31.449333,48.236198,66.638776,95.537986,67.321753,21.464667,-27.546333,49.011000,76.854620,58.345447,71.606667,-40.413333,0.751667,-0.519000,5.712751,62.965953,0.607333,-0.288333,20.492911,53.324921,0.124000,-0.062333,19.768532,50.948758,0.667333,-0.342333,20.197926,97.196222,0.208667,-0.155667,29.939690,49.872414,0.043000,-0.023667,44.396222,17.618889,1.317000,-0.169333,50.031544,6.606651,0.238333,-0.147000,52.763450,20.725521,0.287667,-0.285667,41.391379,54.676553
M_IZ_L199M2NAAA,70.208193,29.791807,0.424327,34.498103,1.371667,43.854521,0.309373,25.152303,0.276377,22.469648,1.120000,70.205670,0.415000,-0.163333,-9.403447,20.647781,80.130927,-157.747855,-39.721520,15.564419,9.487198,34.708333,27.089000,7.619333,18.747776,62.003494,11.512333,-5.742667,17.255000,88.750063,46.175998,10.655667,-15.724667,26.380333,38.495613,58.278186,47.202000,47.239000,31.389000,40.577000,49.118000,40.577000,19.256333,0.854701,48.388465,86.653424,70.208193,-9.461667,2.611000,-13.010333,-13.111000,-4.858667,-13.918000,16.529000,31.098180,69.842738,99.885845,73.820085,-4.182333,-17.533333,13.351000,58.348056,12.917504,5.690333,45.700333,5.101333,46.706667,55.911333,8.850333,50.810000,69.842738,3.299844,77.320807,99.047034,5.460000,-6.531667,11.991667,82.931821,34.822428,8.386333,-5.206000,13.592333,61.549693,58.590311,-5.577667,12.908667,-11.287333,-11.093667,-2.096000,-13.317000,26.336000,52.784196,68.640165,89.422032,79.617001,32.822667,2.155333,30.667333,86.596993,59.286027,37.930000,-16.553333,0.383000,-0.126667,27.852656,71.996586,0.606333,-0.067333,28.312807,56.799030,0.047333,-0.018667,78.749940,57.240549,0.017667,-0.206333,72.254984,46.620717,0.203333,-0.068667,49.408170,25.541399,0.041667,-0.015333,49.417020,2.800689,0.580667,-0.012000,47.396086,60.747952,0.146667,-0.023667,52.905450,45.712950,0.005000,-0.289333,57.680434,52.412489
M_IZ_L201M1NAAA,67.981235,32.018765,1.371560,71.435417,1.343333,44.722065,1.022003,53.229306,0.672687,35.035764,0.658333,91.259259,0.441667,0.243333,-43.588313,78.217501,165.837665,-176.605079,-137.269182,10.511116,58.893088,13.759667,8.693667,5.066000,68.997754,87.605553,1.604667,-7.312333,8.917000,21.098512,70.492170,3.992000,-4.598333,8.590333,53.843788,24.869792,33.261333,33.273000,-4.867333,13.518667,35.378667,13.518667,40.246000,2.343750,56.565604,91.160187,67.981235,-3.343333,1.305667,-11.495667,-11.608667,-6.620000,-11.981333,13.287000,21.141294,67.608552,95.796817,69.848335,23.981000,-9.538000,33.519000,2.942215,66.012603,15.076000,54.120333,12.335000,55.477000,68.456000,7.748667,60.707333,67.608552,29.730012,74.953642,99.283154,10.484667,-2.268333,12.753000,83.981800,69.812453,-2.832667,-28.382667,25.550000,51.828798,67.578125,6.061333,19.060667,-14.317667,-14.456333,9.411667,-14.567333,33.664667,48.192954,67.608552,90.861281,68.361126,26.800333,-25.281667,52.082000,88.229319,42.066648,164.496667,-69.326667,0.880000,-1.109333,63.316958,76.517310,0.895667,-0.270000,42.248873,35.335262,0.129333,-0.107333,16.611431,82.252077,0.749667,-0.430000,15.475438,63.316958,0.448000,-0.195667,49.078324,82.132602,0.134333,-0.014000,50.494228,36.345472,1.390333,-0.081333,49.701938,5.265437,0.283333,-0.079333,52.925884,15.172852,0.256333,-0.423333,33.513621,55.834344
M_IZ_L206M1NAAA,74.036116,25.963884,0.761753,49.808311,1.688333,35.638775,0.451369,29.513366,0.379367,24.805303,0.793333,75.748269,0.555000,0.340000,23.486418,20.299445,38.879171,-153.797750,-6.787129,21.466511,30.295798,38.074333,27.012667,11.061667,18.908943,52.998559,1.642000,-2.785000,4.427000,61.707216,42.801153,8.241333,-3.614667,11.856000,28.228554,53.545180,53.946333,56.284333,17.025667,33.471667,54.646667,33.471667,39.258667,9.391869,59.069010,94.361736,74.036116,-8.237000,-0.221667,-10.242667,-7.658000,-5.972333,-9.628000,10.021000,55.326775,13.464468,87.982565,90.194569,-6.208000,-20.326333,14.118333,93.467240,24.478584,9.609333,45.397000,3.655667,46.586333,61.027667,8.332000,57.450000,73.739126,31.444303,80.543598,97.618270,3.540333,-3.122333,6.662667,24.631730,75.503376,1.924000,-11.418333,13.342333,10.994942,72.157241,2.235000,13.542333,-5.762000,-0.154333,10.882000,-2.835667,19.304333,54.678119,24.804419,81.705518,89.527208,27.862667,-25.167333,53.030000,80.493621,55.066160,38.406667,-29.620000,0.622333,-0.224667,17.423486,17.507926,0.816000,-0.119000,33.174639,79.795199,0.088333,-0.053333,17.854852,58.382222,0.216667,-0.216333,23.507834,66.964696,0.479000,-0.053333,35.285840,73.580234,0.095667,-0.009667,54.342451,28.778267,0.910333,-0.116333,55.530918,2.739462,0.210667,-0.055667,55.325251,14.292275,0.153667,-0.330000,41.317397,60.283262
M_IZ_L206M2NAAA,74.704693,25.295307,0.821090,53.666013,1.606667,37.376297,0.510798,33.385501,0.377610,24.680392,0.688333,87.424239,0.576667,0.341667,-22.980870,88.702581,150.068231,-156.983372,-49.928675,5.269369,46.738812,24.490333,14.348333,10.142000,21.851544,54.355184,1.690667,-5.248000,6.938667,61.493067,65.105159,6.870667,-4.684333,11.555000,32.103907,84.422590,43.302667,44.061000,0.294333,20.812667,47.066000,20.812667,46.771667,4.657488,60.106214,92.002017,74.704693,-12.188333,0.676333,-14.628667,-12.141333,-9.802667,-13.925000,15.381333,55.790684,27.734415,86.639531,84.298169,-0.629667,-14.316667,13.687000,90.165849,41.359943,11.468667,48.741000,2.026000,49.894000,60.393667,7.457667,58.367667,74.393223,50.580535,80.288742,98.850596,7.873000,1.176667,6.696333,7.905424,72.112667,-2.405000,-21.127333,18.722333,76.777335,82.719569,-1.874000,11.705667,-7.379667,-0.679000,10.135667,-2.139000,19.085333,57.225115,49.539506,85.995383,83.629424,24.528333,-35.629333,60.157667,63.695556,27.868794,62.670000,-25.680000,0.781000,-0.261667,16.786533,46.134947,0.678333,-0.153000,34.269090,71.174575,0.088333,-0.059000,17.939393,53.428852,0.141000,-0.241333,32.641565,49.360738,0.493333,-0.080667,35.863207,72.005141,0.113000,-0.010667,43.193537,30.509681,1.013667,-0.110000,55.048630,3.737630,0.185000,-0.184000,60.618170,27.450393,0.294000,-0.354333,39.997628,60.721898
M_IZ_L217M1NAAA,65.680103,34.319897,1.101283,67.563395,1.226667,48.961958,0.899751,55.199432,0.549837,33.732311,0.638333,94.421315,0.388333,0.200000,-43.915305,31.455232,61.864757,-161.114916,13.608495,33.339650,16.852141,3.508333,-1.130333,4.638667,54.176495,44.431151,3.198667,-2.644667,5.843333,27.902404,78.732442,5.563667,0.159333,5.404333,36.140637,56.478015,28.381333,28.386667,-14.417667,-3.972333,26.699333,-3.972333,42.804333,0.130719,55.908906,91.077584,65.680103,-8.117000,3.946000,-9.290000,-9.529333,-6.697667,-10.873333,14.819333,39.170764,65.272086,94.647622,70.565774,-11.606333,-26.211667,14.605333,30.612245,25.847695,11.743333,38.695000,1.801667,40.092667,58.550333,7.161333,56.748667,65.272086,37.301248,75.325916,96.097987,1.380667,-12.655000,14.035667,39.257307,76.189380,6.965667,-12.933000,19.898667,10.201437,84.757869,4.911667,11.573333,-12.800667,-12.749333,6.347000,-12.749333,24.407000,48.695184,65.272086,97.447273,65.680103,13.094000,-18.372000,31.466000,88.471524,72.197840,89.273333,-61.773333,0.329667,-0.651000,37.565094,48.135695,0.646667,-0.207000,19.532310,61.856189,0.126333,-0.064333,17.675567,43.751851,0.638000,-0.192000,17.110596,93.859612,0.370333,-0.098667,36.893989,43.461724,0.082333,-0.007333,44.824133,30.790429,0.971333,-0.225667,49.223543,6.669945,0.140333,-0.010667,50.651368,44.952693,0.011667,-0.121667,6.063781,51.608497
M_IZ_L260M1NAAA,67.841331,32.158669,1.227457,64.264747,1.586667,37.818209,0.773884,40.517505,0.629143,32.939442,0.825000,72.734397,0.498333,0.263333,-47.364239,59.930317,84.909180,-112.850639,-48.341678,24.467438,-3.411110,39.422333,23.366667,16.055667,69.427836,97.679526,0.090000,-4.672000,4.762000,30.685224,67.826743,1.143667,-8.381000,9.524667,32.773860,55.628973,49.887000,55.100000,18.098667,34.809000,54.700000,34.809000,37.576000,10.497298,52.084138,86.972621,67.841331,1.455667,3.595000,-5.234333,-5.209000,0.767667,-5.444000,9.039000,9.767695,66.695442,94.664172,70.252675,3.096000,-12.418000,15.514000,86.931040,21.829613,13.575667,41.067667,7.132333,41.912667,50.164000,13.201667,43.031667,67.526180,32.305164,78.561995,99.575372,0.214333,-5.504667,5.719000,46.304842,34.500848,9.812667,-2.607333,12.420000,37.314413,96.765082,-3.198333,16.761000,-7.802000,0.859000,6.093000,-5.355667,24.563000,48.219221,24.752303,72.878824,100.000000,29.674667,-18.676000,48.350667,77.257988,55.319278,79.656667,-37.773333,0.757000,-0.437333,11.655025,48.830612,0.808000,-0.130333,31.284428,84.079935,0.108667,-0.065000,20.064865,58.924681,0.347667,-0.338667,21.654819,18.290022,0.429000,-0.074667,35.102066,88.430736,0.119000,-0.005667,43.884776,50.801565,1.287333,-0.064667,44.173065,2.940819,0.327667,-0.051333,50.733403,39.084423,0.101333,-0.608667,19.396846,50.415936
M_IZ_L265M1NAAA,63.074921,36.925079,1.185647,77.510054,1.133333,52.961745,1.046762,68.430921,0.587260,38.391257,0.558333,107.499253,0.398333,0.176667,-89.651367,69.417587,141.458170,-198.094444,-84.715526,30.161821,7.283316,20.879333,16.003667,4.875667,16.475066,54.286733,2.636333,-2.929333,5.565667,45.022037,68.708541,6.623667,-4.605667,11.229333,68.759342,56.326474,42.939667,43.874333,2.043000,10.719333,43.444667,10.719333,42.092333,3.336399,55.875374,95.235426,63.074921,-6.509000,1.822333,-7.635333,-6.955333,-6.631667,-11.003667,12.826000,40.352913,42.902631,75.277302,88.687140,3.030333,-13.609333,16.639667,60.821857,10.809315,3.010333,38.362667,2.275667,39.708000,61.032333,1.570667,59.826000,62.633573,28.798989,74.250345,98.825433,7.027667,-2.068333,9.096000,62.030854,62.277884,-3.107000,-26.536333,23.429333,24.032402,34.226190,6.441000,14.667000,-8.155333,-8.309000,12.005333,-8.575000,23.242000,48.664999,62.633573,97.052959,63.666413,33.132333,-29.856000,62.988333,86.180235,10.109508,91.406667,-49.020000,0.862667,-0.556667,6.774776,52.785272,0.567667,-0.376333,40.032712,56.421409,0.118667,-0.118667,60.941583,84.998586,0.418000,-0.424667,19.882979,64.176883,0.379667,-0.184000,47.175569,84.998586,0.101333,-0.010667,47.241724,62.086332,1.247333,-0.116333,49.249408,4.854827,0.372000,-0.109000,53.067649,6.312847,0.199000,-0.482667,36.007560,53.365935
M_IZ_L271M1NAAA,71.398663,28.601337,0.878107,57.019913,1.195000,50.218584,0.735349,47.749955,0.461110,29.942208,0.593333,101.167949,0.381667,0.220000,-65.383830,73.910823,113.766175,-166.810895,-73.825081,36.019519,-14.306367,25.509333,19.250667,6.258667,35.380432,43.989629,1.158333,-3.861667,5.020000,27.472003,65.606765,12.741667,-3.935333,16.677000,36.985667,53.282879,48.801000,49.185000,12.507000,25.284667,50.842667,25.284667,38.585667,5.337844,61.213180,87.456989,71.398663,-10.178000,2.690667,-10.451333,-3.819000,-3.819000,-12.970000,16.059667,57.596378,2.352624,71.398663,94.472755,-5.341667,-19.273000,13.931333,30.847343,65.686342,12.316000,49.523333,12.282333,50.449667,57.172000,10.667333,46.874667,70.980175,0.416114,77.689995,98.749127,0.746333,-13.245000,13.991333,74.462880,49.084662,5.134333,-24.462667,29.597000,54.680110,76.274007,3.478333,24.414333,-5.121333,3.258333,5.714667,0.340667,29.535667,59.255461,7.669884,96.080127,83.423213,13.611333,-19.539333,33.150667,9.762325,77.299994,54.670000,-64.440000,0.388667,-0.474333,13.445051,70.724662,0.663667,-0.120000,19.517449,76.827872,0.123667,-0.036333,18.410950,35.067837,0.679333,-0.193333,16.320883,97.642394,0.099333,-0.094333,71.095954,60.369238,0.035333,-0.032667,16.455840,63.535802,0.678333,-0.106667,55.900668,6.412045,0.220333,-0.019667,50.897489,46.542268,0.047333,-0.096667,65.114452,55.723528
M_IZ_L285M1NAAA,67.950079,32.049921,1.027053,61.134127,1.481667,40.566867,0.693969,41.307666,0.553727,32.959921,0.763333,78.747880,0.421667,0.296667,-79.830189,63.638881,55.538320,-90.535854,-97.510202,24.956530,31.129008,21.797333,5.607667,16.189667,36.559910,98.079530,7.240667,-0.763000,8.003667,66.815242,2.934988,9.268333,-8.714333,17.982667,34.867248,84.888427,30.248000,32.676667,-7.792000,7.223667,32.866333,7.223667,41.653000,6.538873,51.626980,94.970691,67.950079,-2.303333,5.931333,-4.359000,-4.395000,-4.088333,-8.627667,14.559000,51.166613,46.421546,78.272660,82.049445,-4.950333,-26.460333,21.510000,65.260790,26.925877,8.844333,22.381333,-0.847333,22.946000,31.416000,11.388333,32.263333,67.612022,41.665177,84.806857,100.000000,6.403667,-1.422000,7.825667,99.523810,57.819883,2.471667,-12.109333,14.581000,19.360875,65.840898,-8.525333,10.596333,-22.615333,-20.543000,-2.696333,-20.543000,33.211667,47.351630,65.107488,91.225989,67.950079,26.371000,-38.960333,65.331333,88.518269,32.731956,48.983333,-86.673333,0.791667,-0.544333,17.138272,50.278360,0.781333,-0.104333,28.964790,87.361661,0.062000,-0.121333,8.225203,41.835188,0.219000,-0.600667,7.883190,29.366629,0.541333,-0.075000,39.560491,29.586230,0.149667,-0.005000,39.795324,28.005268,1.092667,-0.027000,46.271712,30.469550,0.337333,-0.106000,50.532279,12.753777,0.473000,-0.275333,36.937025,50.873945
M_IZ_L288M1NAAA,67.435003,32.564997,1.209640,67.202222,1.070000,56.087832,1.130968,62.831572,0.583877,32.437593,0.541667,110.977553,0.353333,0.175000,-95.609195,96.253777,200.044741,-195.402936,-112.622234,27.205470,37.376381,10.938000,7.081667,3.856333,47.045507,54.673088,6.523000,-2.004667,8.527667,19.478163,72.126573,0.361667,-8.095333,8.457000,54.276977,62.991539,28.286667,30.248333,-11.353000,3.067000,30.610667,3.067000,42.753333,7.787155,54.532840,95.860127,67.435003,-1.562000,2.482000,-7.896000,-7.784667,-2.356667,-8.483333,11.029000,20.574330,66.188789,91.310140,72.117890,3.789000,-13.550000,17.339000,45.202778,17.608350,7.413000,43.016000,-1.350000,44.604000,57.691333,6.127333,59.041333,66.967605,44.714611,75.398472,99.065203,6.332667,-1.319000,7.651667,91.913186,78.046883,14.801667,-8.663667,23.465333,16.224283,33.650794,7.187333,17.330667,-8.687000,-6.537333,10.733667,-6.537333,26.017667,52.972131,65.418438,95.458260,67.435003,29.391667,-13.717000,43.108667,77.836095,74.304945,163.650000,-81.466667,0.893000,-0.744333,34.873709,51.886852,0.777333,-0.450667,19.627883,34.112803,0.129000,-0.113333,39.785429,60.693715,0.515333,-0.476000,13.554886,62.953962,0.628667,-0.201000,19.633817,94.341432,0.133667,-0.015000,45.770113,24.613994,1.160000,-0.088667,48.918231,5.141276,0.492000,-0.021667,53.895170,88.638647,0.032000,-0.621000,2.498581,53.583534
M_IZ_L315M3NAAA,62.311429,37.688571,1.195900,74.743750,1.131667,53.044343,1.057900,66.118769,0.603757,37.734792,0.576667,104.204096,0.396667,0.158333,-32.766311,47.050144,61.610326,-71.945440,-0.032352,-4.954723,-0.512987,25.419667,12.395000,13.024667,52.738447,96.462203,7.114333,-5.306667,12.421000,42.866773,66.777156,0.725667,-14.129333,14.855000,100.000000,44.683195,53.451667,54.823333,24.941000,27.266000,55.413000,26.581000,31.267333,5.957264,49.920249,98.238035,64.248420,9.299333,13.475333,-3.341000,-3.725000,1.607333,-6.293667,19.769000,13.546831,61.869393,90.338406,67.770543,-3.384333,-19.578333,16.194000,39.987088,47.971198,48.519667,65.574333,45.353000,66.387667,71.474667,47.296667,26.356000,61.869393,40.679885,71.595696,96.034483,-5.509333,-20.040667,14.531333,77.557379,23.076796,5.716667,-11.991000,17.707667,26.416309,73.025044,20.150667,23.167000,11.369333,13.191333,23.256333,10.266333,14.808667,19.579254,24.395343,94.586699,77.930448,26.244667,-19.553667,45.798333,11.194284,83.102953,65.963333,-54.360000,1.127333,-0.590000,6.900568,62.022864,1.263000,-0.217667,17.228410,66.873961,0.298667,-0.095333,16.784866,4.710883,0.906667,-0.305000,26.794211,93.839826,0.384000,-0.124000,17.525260,25.857765,0.244667,-0.022333,17.378417,25.562572,1.478333,-0.072333,28.392842,1.629139,0.500667,-0.056333,15.463430,64.887543,0.264333,-0.688667,47.113502,16.931709
M_IZ_L324M1NAAA,62.703941,37.296059,1.296823,73.697383,1.206667,49.727355,1.074900,61.085766,0.646553,36.743047,0.670000,89.565541,0.371667,0.165000,-104.616589,69.074203,157.922481,-73.404325,-55.151080,37.499110,13.344845,23.085000,13.391333,9.693667,69.461679,94.491776,3.564000,-3.970667,7.534667,28.190594,43.584989,-0.649667,-11.490667,10.841000,74.273859,64.703051,41.809000,43.118333,-1.818333,15.848667,40.764333,15.848667,44.936667,7.449915,48.478455,100.000000,62.703941,0.849000,6.124667,-5.771000,-5.897667,1.045000,-6.521333,12.646000,16.018920,62.289546,97.495327,66.852517,4.120000,-12.929000,17.049000,60.900545,36.114176,7.968000,38.001667,1.490000,38.792333,41.409000,8.468000,39.919000,62.289546,28.746448,64.642703,96.981403,0.613000,-8.193333,8.806333,79.674852,61.185218,0.488333,-18.310667,18.799000,45.109485,78.920390,6.624000,17.340000,-10.715000,1.449333,6.942667,-0.397667,28.055000,47.937723,4.834423,93.461514,73.562024,40.454000,-14.214667,54.668667,88.860190,38.909193,78.476667,-135.710000,0.691333,-0.722667,4.969877,48.489415,0.846000,-0.294000,13.389823,66.243523,0.209333,-0.055000,12.564978,61.510116,0.931000,-0.230000,12.570694,13.947001,0.323000,-0.188000,13.111426,55.647800,0.047667,-0.045333,43.096970,39.342763,1.134000,-0.254667,46.960346,3.448911,0.254333,-0.062333,49.727898,40.710971,0.092333,-0.403000,26.680891,50.688741
M_IZ_L351M1NAAA,73.657185,26.342815,0.487797,27.404307,1.051667,57.595514,0.474163,26.638346,0.207537,11.659363,0.560000,110.110110,0.213333,0.278333,-31.140054,23.252578,88.909203,-99.901773,-87.205534,-2.343485,67.284390,29.187000,26.393000,2.794000,63.372239,41.745373,0.985000,-2.114667,3.099667,25.631008,69.768708,0.252000,-8.329333,8.581333,29.882562,76.478387,49.223667,50.450333,39.069667,49.912000,50.034667,46.723667,11.490333,52.314340,49.530016,75.194116,91.028216,0.517333,3.079000,-2.612000,-2.674667,0.968667,-2.733667,5.812667,40.045724,73.177222,98.693307,75.917923,15.681333,-1.072667,16.754000,32.063381,32.640198,36.659333,55.254667,23.517667,55.389667,55.623000,25.345667,32.105333,73.177222,19.546915,75.002108,100.000000,2.600667,-4.775333,7.376000,89.906314,45.225674,-9.981667,-28.529333,18.547667,25.357285,30.689051,2.688333,14.770333,-12.842333,-11.848333,6.011000,-11.848333,27.612667,41.457186,71.722631,96.461976,73.657185,28.178000,1.185333,26.992667,82.988877,78.390155,35.836667,-105.500000,1.006000,-0.328333,20.580676,86.205107,0.758667,-0.117667,30.634170,0.502508,0.099333,-0.043000,28.415819,19.770445,0.432333,-0.129000,24.235230,6.655016,0.112333,-0.127333,22.150576,39.459945,0.027000,-0.021000,57.015753,25.646940,0.942333,-0.044667,39.568079,89.710977,0.226667,-0.023000,45.595234,63.500899,0.014667,-0.299000,91.110949,46.164398
M_IZ_L356M1NAAA,66.600335,33.399665,0.800827,67.885728,0.993333,60.877207,0.812204,68.852173,0.385337,32.664932,0.470000,128.349179,0.375000,0.148333,-95.794344,123.224741,188.179027,-177.580846,-168.734161,7.592431,36.062429,33.311000,28.299000,5.012000,47.113594,40.620423,1.898333,-9.837000,11.735333,18.310253,77.236231,7.522667,-5.594000,13.116667,31.644593,54.973435,62.981333,63.718000,15.059667,22.980333,64.262667,22.980333,50.168333,2.051282,57.805124,95.807539,66.600335,-13.011333,-2.921667,-22.793667,-23.289000,-13.745667,-24.852667,21.931000,14.537154,66.093025,91.447507,69.503814,-9.451667,-27.544667,18.093000,11.932362,63.495717,23.744333,42.535000,17.626333,44.260000,65.353333,24.449333,48.202000,66.093025,52.083971,77.620775,99.207669,7.026667,-13.724667,20.751333,66.970348,75.035160,9.955667,-5.321333,15.277000,59.958213,94.995503,-6.042333,14.921333,-12.963333,-12.949667,8.124333,-12.981333,28.095333,41.953410,66.093025,88.362066,66.786554,25.981667,-21.243000,47.224667,59.029038,53.424327,50.296667,-34.896667,0.610333,-0.306667,4.818639,75.752035,0.524000,-0.294000,15.301210,63.509023,0.114333,-0.101667,12.916423,68.470017,0.383333,-0.215333,14.069811,67.166492,0.369667,-0.140333,49.237351,68.128137,0.104667,-0.013000,50.987442,27.494835,0.796000,-0.022000,46.380072,61.088760,0.221000,-0.085333,55.019622,28.599377,0.070000,-0.329000,29.178013,54.869472
M_IZ_L357M1NAAA,68.263874,31.736126,1.334787,85.563248,1.240000,48.681547,1.085714,69.597045,0.664083,42.569444,0.580000,103.783508,0.376667,0.283333,-72.894656,90.638705,158.344605,-135.304124,-137.208156,-14.569819,89.041015,27.706667,21.812333,5.894333,36.721907,56.880498,10.473333,1.765333,8.708000,53.125902,65.041842,11.941667,-8.567333,20.509000,38.413992,24.477245,48.921333,49.388333,5.689667,14.657333,51.647000,14.657333,46.247000,3.198032,57.723598,94.894604,68.263874,-1.169667,6.788000,-2.983333,0.550667,0.562333,-6.571000,13.498667,52.907060,25.805412,69.056220,96.975355,-4.001667,-33.351333,29.349667,71.422527,35.988220,20.889667,46.900000,10.050333,47.854333,53.906333,9.549667,45.198000,67.858195,48.261820,73.333807,100.000000,-2.792333,-14.172667,11.380333,44.946230,49.902710,32.640667,11.482000,21.158667,81.874361,63.982659,16.134000,22.236333,-10.714667,-11.000000,25.482667,-12.026333,40.332667,26.215806,67.858195,92.458542,68.963100,38.360000,-2.717000,41.077000,96.726190,73.271341,107.696667,-43.663333,0.817667,-0.742667,6.046550,59.200982,0.494000,-0.484667,27.115621,70.808125,0.081333,-0.086333,82.068445,54.253839,0.596333,-0.295000,28.212909,76.014809,0.214000,-0.196333,42.002208,5.062541,0.062000,-0.022667,35.490076,72.279220,1.088667,-0.088000,52.909781,25.281558,0.442000,-0.028000,37.049020,75.015238,0.034667,-0.616667,23.558990,45.929009
